CREATE DATABASE  IF NOT EXISTS `qr_attendance_app` /*!40100 DEFAULT CHARACTER SET utf8mb4 COLLATE utf8mb4_general_ci */ /*!80016 DEFAULT ENCRYPTION='N' */;
USE `qr_attendance_app`;
-- MySQL dump 10.13  Distrib 8.0.40, for Win64 (x86_64)
--
-- Host: 127.0.0.1    Database: qr_attendance_app
-- ------------------------------------------------------
-- Server version	9.4.0

/*!40101 SET @OLD_CHARACTER_SET_CLIENT=@@CHARACTER_SET_CLIENT */;
/*!40101 SET @OLD_CHARACTER_SET_RESULTS=@@CHARACTER_SET_RESULTS */;
/*!40101 SET @OLD_COLLATION_CONNECTION=@@COLLATION_CONNECTION */;
/*!50503 SET NAMES utf8 */;
/*!40103 SET @OLD_TIME_ZONE=@@TIME_ZONE */;
/*!40103 SET TIME_ZONE='+00:00' */;
/*!40014 SET @OLD_UNIQUE_CHECKS=@@UNIQUE_CHECKS, UNIQUE_CHECKS=0 */;
/*!40014 SET @OLD_FOREIGN_KEY_CHECKS=@@FOREIGN_KEY_CHECKS, FOREIGN_KEY_CHECKS=0 */;
/*!40101 SET @OLD_SQL_MODE=@@SQL_MODE, SQL_MODE='NO_AUTO_VALUE_ON_ZERO' */;
/*!40111 SET @OLD_SQL_NOTES=@@SQL_NOTES, SQL_NOTES=0 */;

--
-- Table structure for table `account`
--

DROP TABLE IF EXISTS `account`;
/*!40101 SET @saved_cs_client     = @@character_set_client */;
/*!50503 SET character_set_client = utf8mb4 */;
CREATE TABLE `account` (
  `id` varchar(36) NOT NULL,
  `accountId` text NOT NULL,
  `providerId` text NOT NULL,
  `userId` varchar(36) NOT NULL,
  `accessToken` text,
  `refreshToken` text,
  `idToken` text,
  `accessTokenExpiresAt` datetime DEFAULT NULL,
  `refreshTokenExpiresAt` datetime DEFAULT NULL,
  `scope` text,
  `password` text,
  `createdAt` datetime NOT NULL,
  `updatedAt` datetime NOT NULL,
  PRIMARY KEY (`id`),
  KEY `userId` (`userId`),
  CONSTRAINT `account_ibfk_1` FOREIGN KEY (`userId`) REFERENCES `user` (`id`) ON DELETE CASCADE
) ENGINE=InnoDB DEFAULT CHARSET=utf8mb4 COLLATE=utf8mb4_general_ci;
/*!40101 SET character_set_client = @saved_cs_client */;

--
-- Dumping data for table `account`
--

LOCK TABLES `account` WRITE;
/*!40000 ALTER TABLE `account` DISABLE KEYS */;
INSERT INTO `account` VALUES ('4JegdAdR7M7ZtnB8jdcnVRJc0xmCj4j2','2TtYbytaOLecz1frmNSmfZKyBz4IcCn1','credential','2TtYbytaOLecz1frmNSmfZKyBz4IcCn1',NULL,NULL,NULL,NULL,NULL,NULL,'1c43e937820d4b49edd4cf6bee526cd2:09ff2cba03cc44d06108c3fc07855483d575823c3d0883ee6e185f96484cd51c4d0d55d21fa60cfa6bc04a9aaa1878c4cc20a102e6f47056001ef585349d09d1','2025-09-22 17:19:48','2025-09-22 17:19:48'),('dSBoEXCArvepEAiCXhppPAVI6Fg2umWW','yU2bBfHbEIY3oNdpToqayHlNyKA5o0oc','credential','yU2bBfHbEIY3oNdpToqayHlNyKA5o0oc',NULL,NULL,NULL,NULL,NULL,NULL,'f19fe54d3347451e6bf7ef29e8a72faf:e9337791fef4651250a7d24efab724db40b2703ef172eaaf82fdca22ca5ef39f527bcffbfeb42a20f23cce8e8f77f610ed3999c7c0e6f28250981b6d9f35ca67','2025-09-22 17:19:47','2025-09-22 17:19:47'),('mQKcXS90Rocv1PAHVlu7k5lT8OFETsh4','twta8iW2lhG9c4viQ9xAkoL5oO3RS72H','credential','twta8iW2lhG9c4viQ9xAkoL5oO3RS72H',NULL,NULL,NULL,NULL,NULL,NULL,'19321ee5db4160404940a5791d238d91:d3950c692d84d923c429e3a55277867668204140d7beeb38b29c581b9a2640236f76bdd2e3ab1ddd30aa07dae84eea63ace2a2f37c048bb92dec5aead158c240','2025-09-22 17:19:51','2025-09-22 17:19:51'),('PlbNZW2bDe4nqR7DjLybwP0w8HuLfwFv','gCXLCluWIrqW8CkuaBmdkae5J3eVhs2a','credential','gCXLCluWIrqW8CkuaBmdkae5J3eVhs2a',NULL,NULL,NULL,NULL,NULL,NULL,'9a312328078bde204118fd0dc791dfae:f552b997d2aea9ed47c44d10aeef0c4da9df76477c34aea1cd1be6bf948cdc2a5aaf9147c267be2205d0a838d49183d65a1f5589a4800f16019055399e4d07c0','2025-09-22 17:19:50','2025-09-22 17:19:50');
/*!40000 ALTER TABLE `account` ENABLE KEYS */;
UNLOCK TABLES;

--
-- Table structure for table `attendance`
--

DROP TABLE IF EXISTS `attendance`;
/*!40101 SET @saved_cs_client     = @@character_set_client */;
/*!50503 SET character_set_client = utf8mb4 */;
CREATE TABLE `attendance` (
  `id` int NOT NULL AUTO_INCREMENT,
  `student_id` varchar(36) NOT NULL,
  `session_id` int NOT NULL,
  `qr_code_id` int DEFAULT NULL,
  `checkin_time` datetime NOT NULL,
  `latitude` decimal(10,7) NOT NULL,
  `longitude` decimal(10,7) NOT NULL,
  `verify_distance` tinyint(1) NOT NULL DEFAULT '1',
  PRIMARY KEY (`id`),
  KEY `student_id` (`student_id`),
  KEY `session_id` (`session_id`),
  KEY `qr_code_id` (`qr_code_id`),
  CONSTRAINT `attendance_ibfk_1` FOREIGN KEY (`student_id`) REFERENCES `user` (`id`),
  CONSTRAINT `attendance_ibfk_2` FOREIGN KEY (`session_id`) REFERENCES `course_sessions` (`id`),
  CONSTRAINT `attendance_ibfk_3` FOREIGN KEY (`qr_code_id`) REFERENCES `session_qr_codes` (`id`)
) ENGINE=InnoDB AUTO_INCREMENT=2 DEFAULT CHARSET=utf8mb4 COLLATE=utf8mb4_general_ci;
/*!40101 SET character_set_client = @saved_cs_client */;

--
-- Dumping data for table `attendance`
--

LOCK TABLES `attendance` WRITE;
/*!40000 ALTER TABLE `attendance` DISABLE KEYS */;
/*!40000 ALTER TABLE `attendance` ENABLE KEYS */;
UNLOCK TABLES;

--
-- Table structure for table `campus`
--

DROP TABLE IF EXISTS `campus`;
/*!40101 SET @saved_cs_client     = @@character_set_client */;
/*!50503 SET character_set_client = utf8mb4 */;
CREATE TABLE `campus` (
  `id` int NOT NULL AUTO_INCREMENT,
  `name` varchar(255) NOT NULL,
  PRIMARY KEY (`id`)
) ENGINE=InnoDB AUTO_INCREMENT=4 DEFAULT CHARSET=utf8mb4 COLLATE=utf8mb4_general_ci;
/*!40101 SET character_set_client = @saved_cs_client */;

--
-- Dumping data for table `campus`
--

LOCK TABLES `campus` WRITE;
/*!40000 ALTER TABLE `campus` DISABLE KEYS */;
INSERT INTO `campus` VALUES (1,'Main Campus'),(2,'North Campus'),(3,'Engineering Campus');
/*!40000 ALTER TABLE `campus` ENABLE KEYS */;
UNLOCK TABLES;

--
-- Table structure for table `checkin`
--

DROP TABLE IF EXISTS `checkin`;
/*!40101 SET @saved_cs_client     = @@character_set_client */;
/*!50503 SET character_set_client = utf8mb4 */;
CREATE TABLE `checkin` (
  `student_id` varchar(36) NOT NULL,
  `qr_code_study_session_id` int NOT NULL,
  `checkin_time` datetime NOT NULL DEFAULT CURRENT_TIMESTAMP,
  `validity_id` int NOT NULL,
  `latitude` decimal(18,14) DEFAULT NULL,
  `longitude` decimal(18,14) DEFAULT NULL,
  `checkin_type` enum('on_time','late','very_late','manual_override') DEFAULT 'on_time',
  `checkin_method` enum('qr_scan','manual_entry','geofence','facial_recognition') DEFAULT 'qr_scan',
  `notes` text,
  PRIMARY KEY (`student_id`,`qr_code_study_session_id`,`validity_id`),
  KEY `fk_check_validity` (`validity_id`),
  KEY `fk_check_qrss` (`qr_code_study_session_id`),
  CONSTRAINT `fk_check_qrss` FOREIGN KEY (`qr_code_study_session_id`) REFERENCES `qr_code_study_session` (`id`),
  CONSTRAINT `fk_check_student` FOREIGN KEY (`student_id`) REFERENCES `user` (`id`),
  CONSTRAINT `fk_check_validity` FOREIGN KEY (`validity_id`) REFERENCES `validity` (`id`)
) ENGINE=InnoDB DEFAULT CHARSET=utf8mb4 COLLATE=utf8mb4_general_ci;
/*!40101 SET character_set_client = @saved_cs_client */;

--
-- Dumping data for table `checkin`
--

LOCK TABLES `checkin` WRITE;
/*!40000 ALTER TABLE `checkin` DISABLE KEYS */;
INSERT INTO `checkin` VALUES ('stu-001',1,'2025-01-06 09:02:00',531,51.52156300000000,-0.13034600000000,'on_time','qr_scan',NULL),('stu-001',2,'2025-01-13 09:01:00',533,51.52156300000000,-0.13034600000000,'on_time','qr_scan',NULL),('stu-001',123,'2025-07-09 20:27:05',831,-37.81648795430017,144.96802459815920,'late','geofence','Online session - geofence verification'),('stu-001',124,'2025-07-09 20:30:05',819,-37.81180948948452,144.96682020766020,'very_late','geofence','Online session - geofence verification'),('stu-001',125,'2025-07-08 20:30:05',807,-37.81089453400922,144.96174194251935,'very_late','geofence','Online session - geofence verification'),('stu-001',132,'2025-07-16 20:31:05',820,-37.81207116311404,144.96470904689374,'very_late','qr_scan',NULL),('stu-001',132,'2025-07-16 20:34:05',947,-37.80901570026467,144.96074106208704,'on_time','qr_scan',NULL),('stu-001',133,'2025-07-15 20:31:05',808,-37.81168845365708,144.96686548631000,'very_late','qr_scan',NULL),('stu-001',134,'2025-07-15 20:19:05',796,-37.81816965845038,144.96188083085062,'on_time','qr_scan',NULL),('stu-001',139,'2025-07-23 20:20:05',833,-37.80951795463201,144.96436958545880,'late','qr_scan',NULL),('stu-001',140,'2025-07-23 20:28:05',821,-37.80893932006018,144.96523477117674,'late','qr_scan',NULL),('stu-001',140,'2025-07-23 20:35:05',948,-37.80970529265470,144.96341510727044,'late','qr_scan',NULL),('stu-001',141,'2025-07-22 20:17:05',809,-37.81523932813950,144.95939214787975,'on_time','qr_scan',NULL),('stu-001',147,'2025-07-30 20:14:05',834,-37.81143035692092,144.96370825950058,'on_time','geofence','Online session - geofence verification'),('stu-001',147,'2025-07-30 20:37:05',961,-37.80865837710580,144.96106792091146,'late','manual_entry','Manual entry - technical issues with QR code'),('stu-001',148,'2025-07-30 20:24:05',822,-37.81043367970570,144.96369551822542,'late','facial_recognition','Online session - facial recognition'),('stu-001',149,'2025-07-29 20:23:05',810,-37.81010879020943,144.96625612077540,'late','qr_scan',NULL),('stu-001',156,'2025-08-06 20:25:05',823,-37.81422941235083,144.96215308436980,'late','manual_entry','Manual entry - technical issues with QR code'),('stu-001',156,'2025-08-06 20:32:05',950,-37.80985893112389,144.96009566719310,'on_time','qr_scan',NULL),('stu-001',157,'2025-08-05 20:15:05',811,-37.80973668673778,144.96055253511932,'on_time','manual_entry','Manual entry - technical issues with QR code'),('stu-001',158,'2025-08-05 20:15:05',799,-37.81656212556582,144.96603455377027,'on_time','manual_entry','Manual entry - technical issues with QR code'),('stu-001',163,'2025-08-13 20:27:05',836,-37.81471690951150,144.96677158826316,'late','qr_scan',NULL),('stu-001',164,'2025-08-13 20:25:05',824,-37.81162221407464,144.96502102269915,'late','qr_scan',NULL),('stu-001',164,'2025-08-13 20:37:05',951,-37.81072038105551,144.96174435267974,'late','qr_scan',NULL),('stu-001',166,'2025-08-12 20:27:05',800,-37.80980877697245,144.96116883039238,'late','qr_scan',NULL),('stu-001',171,'2025-08-20 20:25:05',837,-37.81843533139325,144.96193622296510,'late','geofence','Online session - geofence verification'),('stu-001',173,'2025-08-19 20:14:05',813,-37.81378991066627,144.96201669652788,'on_time','geofence','Online session - geofence verification'),('stu-001',174,'2025-08-19 20:32:05',801,-37.81574465559194,144.96530405811183,'very_late','geofence','Online session - geofence verification'),('stu-001',181,'2025-08-26 20:19:05',814,-37.81429102165819,144.96188414133917,'on_time','facial_recognition','Online session - facial recognition'),('stu-001',187,'2025-09-03 20:14:05',839,-37.81267441424586,144.96645927220840,'on_time','manual_entry','Manual entry - technical issues with QR code'),('stu-001',188,'2025-09-03 20:16:05',827,-37.81677143635654,144.96319672482971,'on_time','qr_scan',NULL),('stu-001',189,'2025-09-02 20:26:05',815,-37.81280776940343,144.96769006240552,'late','qr_scan',NULL),('stu-001',195,'2025-09-10 20:37:05',967,-37.80922687273196,144.96805003284882,'late','geofence','Online session - geofence verification'),('stu-001',196,'2025-09-10 20:33:05',828,-37.81583097894083,144.96254775832298,'very_late','geofence','Online session - geofence verification'),('stu-001',197,'2025-09-09 20:17:05',816,-37.80911577130381,144.96040804488277,'on_time','qr_scan',NULL),('stu-001',198,'2025-09-09 20:32:05',931,-37.81041473680010,144.96727853400967,'on_time','qr_scan',NULL),('stu-001',205,'2025-09-16 20:25:05',817,-37.81184700554204,144.96505215222140,'late','manual_entry','Manual entry - technical issues with QR code'),('stu-001',205,'2025-09-16 20:32:05',944,-37.81301196712145,144.96553533767522,'on_time','qr_scan',NULL),('stu-001',206,'2025-09-16 20:18:05',805,-37.81017911108022,144.96342679969010,'on_time','qr_scan',NULL),('stu-001',206,'2025-09-16 20:32:05',932,-37.81286992219339,144.96496290205164,'on_time','qr_scan',NULL),('stu-001',213,'2025-09-23 20:21:05',818,-37.81233936926363,144.95820443362416,'late','manual_entry','Manual entry - technical issues with QR code'),('stu-001',214,'2025-09-23 20:26:05',806,-37.81072649436866,144.95927771268933,'late','qr_scan',NULL),('stu-002',1,'2025-01-06 09:18:00',532,51.52156300000000,-0.13034600000000,'late','qr_scan','Traffic delay'),('stu-002',2,'2025-01-13 09:22:00',534,51.52156300000000,-0.13034600000000,'late','qr_scan','Bus was late'),('stu-002',123,'2025-07-09 20:34:05',958,-37.81537602608388,144.95819582792420,'on_time','geofence','Online session - geofence verification'),('stu-002',125,'2025-07-08 20:23:05',807,-37.81117620744647,144.96159672085000,'late','geofence','Online session - geofence verification'),('stu-002',129,'2025-07-17 20:35:05',983,-37.80898888074494,144.96651746387855,'late','qr_scan',NULL),('stu-002',130,'2025-07-17 20:23:05',844,-37.81658964276723,144.96387564892896,'late','qr_scan',NULL),('stu-002',131,'2025-07-16 20:14:05',832,-37.80908865199135,144.96440288701160,'on_time','qr_scan',NULL),('stu-002',134,'2025-07-15 20:27:05',796,-37.81782360286044,144.96181251406495,'late','qr_scan',NULL),('stu-002',137,'2025-07-24 20:24:05',857,-37.81808849732009,144.96474598739394,'late','qr_scan',NULL),('stu-002',138,'2025-07-24 20:25:05',845,-37.81561047185530,144.96547082560300,'late','qr_scan',NULL),('stu-002',138,'2025-07-24 20:30:05',972,-37.81231445866648,144.96487295911757,'on_time','qr_scan',NULL),('stu-002',139,'2025-07-23 20:17:05',833,-37.81240436709505,144.96397756057817,'on_time','qr_scan',NULL),('stu-002',139,'2025-07-23 20:35:05',960,-37.80917200490551,144.96582247019012,'late','qr_scan',NULL),('stu-002',140,'2025-07-23 20:18:05',821,-37.81840160563235,144.96292766624057,'on_time','qr_scan',NULL),('stu-002',141,'2025-07-22 20:30:05',809,-37.81765028561042,144.95879704038157,'very_late','qr_scan',NULL),('stu-002',142,'2025-07-22 20:30:05',797,-37.81263347543816,144.96327067051044,'very_late','qr_scan',NULL),('stu-002',145,'2025-07-31 20:21:05',858,-37.81551398072701,144.96191362359394,'late','facial_recognition','Online session - facial recognition'),('stu-002',146,'2025-07-31 20:24:05',846,-37.81089100614999,144.96023373571833,'late','facial_recognition','Online session - facial recognition'),('stu-002',147,'2025-07-30 20:25:05',834,-37.80901178206020,144.95852989599558,'late','facial_recognition','Online session - facial recognition'),('stu-002',149,'2025-07-29 20:18:05',810,-37.81418836390785,144.96395864463435,'on_time','geofence','Online session - geofence verification'),('stu-002',150,'2025-07-29 20:18:05',798,-37.81097575358933,144.95943467265528,'on_time','qr_scan',NULL),('stu-002',154,'2025-08-07 20:21:05',847,-37.80967681416075,144.96157412712265,'late','qr_scan',NULL),('stu-002',155,'2025-08-06 20:19:05',835,-37.80916840007247,144.96732430210673,'on_time','qr_scan',NULL),('stu-002',156,'2025-08-06 20:21:05',823,-37.81201576110890,144.96019406503672,'late','qr_scan',NULL),('stu-002',157,'2025-08-05 20:16:05',811,-37.81058783036507,144.96514262187430,'on_time','qr_scan',NULL),('stu-002',157,'2025-08-05 20:30:05',938,-37.81270836967091,144.96366967877370,'on_time','qr_scan',NULL),('stu-002',166,'2025-08-12 20:25:05',800,-37.81728182393599,144.96775310543742,'late','qr_scan',NULL),('stu-002',169,'2025-08-21 20:20:05',861,-37.81238618054444,144.95877125264620,'late','geofence','Online session - geofence verification'),('stu-002',170,'2025-08-21 20:33:05',849,-37.81430389601002,144.95963606872218,'very_late','manual_entry','Manual entry - technical issues with QR code'),('stu-002',171,'2025-08-20 20:17:05',837,-37.81502693775374,144.96018467761250,'on_time','geofence','Online session - geofence verification'),('stu-002',171,'2025-08-20 20:36:05',964,-37.81432694356155,144.96730949019417,'late','geofence','Online session - geofence verification'),('stu-002',173,'2025-08-19 20:22:05',813,-37.81397971727120,144.95915345759640,'late','qr_scan',NULL),('stu-002',174,'2025-08-19 20:25:05',801,-37.81266720170198,144.96078664924678,'late','geofence','Online session - geofence verification'),('stu-002',174,'2025-08-19 20:36:05',928,-37.81741127064006,144.96231961811765,'late','geofence','Online session - geofence verification'),('stu-002',177,'2025-08-28 20:23:05',862,-37.80939152700565,144.96007067090494,'late','facial_recognition','Online session - facial recognition'),('stu-002',178,'2025-08-28 20:38:05',977,-37.81004851801121,144.96087912767862,'late','manual_entry','Manual entry - technical issues with QR code'),('stu-002',179,'2025-08-27 20:21:05',838,-37.81514825979522,144.96400745832390,'late','facial_recognition','Online session - facial recognition'),('stu-002',180,'2025-08-27 20:27:05',826,-37.81519624342490,144.96561633010572,'late','facial_recognition','Online session - facial recognition'),('stu-002',181,'2025-08-26 20:31:05',814,-37.81349913473362,144.96775501810393,'very_late','manual_entry','Manual entry - technical issues with QR code'),('stu-002',181,'2025-08-26 20:32:05',941,-37.80985020346721,144.96007121014070,'on_time','facial_recognition','Online session - facial recognition'),('stu-002',182,'2025-08-26 20:19:05',802,-37.81567666368883,144.96504570430270,'on_time','qr_scan',NULL),('stu-002',185,'2025-09-04 20:30:05',863,-37.80965807320313,144.96732454048808,'very_late','qr_scan',NULL),('stu-002',186,'2025-09-04 20:23:05',851,-37.81388528046355,144.96743545636883,'late','qr_scan',NULL),('stu-002',186,'2025-09-04 20:33:05',978,-37.81725440751301,144.96151848679204,'on_time','qr_scan',NULL),('stu-002',187,'2025-09-03 20:24:05',839,-37.81555779137030,144.95825043110600,'late','qr_scan',NULL),('stu-002',187,'2025-09-03 20:29:05',966,-37.81717645218128,144.96364957131440,'on_time','manual_entry','Manual entry - technical issues with QR code'),('stu-002',188,'2025-09-03 20:23:05',827,-37.81509633303890,144.96151985477454,'late','qr_scan',NULL),('stu-002',193,'2025-09-11 20:28:05',864,-37.81635389520243,144.96706971546018,'late','geofence','Online session - geofence verification'),('stu-002',193,'2025-09-11 20:29:05',991,-37.81844415351399,144.96679793375833,'on_time','geofence','Online session - geofence verification'),('stu-002',194,'2025-09-11 20:19:05',852,-37.81038861817512,144.96073641001902,'on_time','geofence','Online session - geofence verification'),('stu-002',195,'2025-09-10 20:19:05',840,-37.81780426963755,144.96427297033424,'on_time','geofence','Online session - geofence verification'),('stu-002',195,'2025-09-10 20:37:05',967,-37.81197327044772,144.96632220157667,'late','geofence','Online session - geofence verification'),('stu-002',196,'2025-09-10 20:31:05',955,-37.81847196215416,144.96058664502286,'on_time','manual_entry','Manual entry - technical issues with QR code'),('stu-002',198,'2025-09-09 20:21:05',804,-37.81620278686658,144.95812620124260,'late','manual_entry','Manual entry - technical issues with QR code'),('stu-002',198,'2025-09-09 20:38:05',931,-37.81686663167054,144.95932043578068,'late','geofence','Online session - geofence verification'),('stu-002',201,'2025-09-18 20:16:05',865,-37.80937795762641,144.96012074741202,'on_time','qr_scan',NULL),('stu-002',202,'2025-09-18 20:28:05',853,-37.81795002330630,144.95947876705395,'late','manual_entry','Manual entry - technical issues with QR code'),('stu-002',204,'2025-09-17 20:18:05',829,-37.81185720564766,144.96454662773837,'on_time','qr_scan',NULL),('stu-002',205,'2025-09-16 20:17:05',817,-37.81384316458520,144.96692687584388,'on_time','qr_scan',NULL),('stu-002',205,'2025-09-16 20:38:05',944,-37.81105308223409,144.96656377657584,'late','qr_scan',NULL),('stu-002',211,'2025-09-24 20:23:05',842,-37.81781582872907,144.95851364767626,'late','manual_entry','Manual entry - technical issues with QR code'),('stu-003',1,'2025-01-06 09:35:00',532,51.52156300000000,-0.13034600000000,'very_late','qr_scan','Overslept'),('stu-003',138,'2025-07-24 20:28:05',845,-37.81568041665804,144.96075218819738,'late','qr_scan',NULL),('stu-003',145,'2025-07-31 20:29:05',858,-37.80998302198740,144.95835659492263,'late','facial_recognition','Online session - facial recognition'),('stu-003',146,'2025-07-31 20:16:05',846,-37.81468869225354,144.96373469934800,'on_time','facial_recognition','Online session - facial recognition'),('stu-003',153,'2025-08-07 20:29:05',859,-37.80980659913049,144.95855129206075,'late','qr_scan',NULL),('stu-003',161,'2025-08-14 20:25:05',860,-37.81816307387870,144.96306131177522,'late','qr_scan',NULL),('stu-003',162,'2025-08-14 20:29:05',975,-37.81457403253985,144.96534840684538,'on_time','qr_scan',NULL),('stu-003',169,'2025-08-21 20:17:05',861,-37.81494307407434,144.96170382525585,'on_time','manual_entry','Manual entry - technical issues with QR code'),('stu-003',169,'2025-08-21 20:35:05',988,-37.81727100745316,144.96589621844905,'late','geofence','Online session - geofence verification'),('stu-003',170,'2025-08-21 20:32:05',849,-37.81621632612684,144.96196250802674,'very_late','qr_scan',NULL),('stu-003',185,'2025-09-04 20:31:05',863,-37.81243581362091,144.96248796031696,'very_late','manual_entry','Manual entry - technical issues with QR code'),('stu-003',193,'2025-09-11 20:21:05',864,-37.81471993931804,144.96657379370450,'late','geofence','Online session - geofence verification'),('stu-003',194,'2025-09-11 20:23:05',852,-37.81009224002985,144.96614791549038,'late','geofence','Online session - geofence verification'),('stu-003',201,'2025-09-18 20:29:05',992,-37.81622682379003,144.95814639724273,'on_time','qr_scan',NULL),('stu-003',202,'2025-09-18 20:15:05',853,-37.81051558305353,144.96677240516345,'on_time','qr_scan',NULL),('stu-003',209,'2025-09-25 20:16:05',866,-37.81361853310040,144.95872815094424,'on_time','qr_scan',NULL),('stu-003',210,'2025-09-25 20:38:05',981,-37.81219361009076,144.96067350947948,'late','qr_scan',NULL),('stu-004',1,'2025-01-06 09:45:00',531,51.52156300000000,-0.13034600000000,'manual_override','manual_entry','QR scanner failed'),('stu-004',123,'2025-07-09 20:20:05',831,-37.81137233953846,144.96391284999459,'late','geofence','Online session - geofence verification'),('stu-004',123,'2025-07-09 20:32:05',958,-37.81227861706175,144.95846109269630,'on_time','geofence','Online session - geofence verification'),('stu-004',124,'2025-07-09 20:14:05',819,-37.81733052609035,144.96370924294928,'on_time','geofence','Online session - geofence verification'),('stu-004',125,'2025-07-08 20:25:05',807,-37.81638181917759,144.96247798769622,'late','geofence','Online session - geofence verification'),('stu-004',132,'2025-07-16 20:27:05',820,-37.81621829514766,144.95913983745075,'late','qr_scan',NULL),('stu-004',133,'2025-07-15 20:27:05',808,-37.81330676913365,144.96488870636670,'late','qr_scan',NULL),('stu-004',133,'2025-07-15 20:35:05',935,-37.81717163778373,144.96427687387035,'late','manual_entry','Manual entry - technical issues with QR code'),('stu-004',134,'2025-07-15 20:14:05',796,-37.81715336643621,144.96524510558840,'on_time','qr_scan',NULL),('stu-004',139,'2025-07-23 20:37:05',960,-37.81721299957020,144.95961174362890,'late','qr_scan',NULL),('stu-004',142,'2025-07-22 20:22:05',797,-37.81117691398503,144.96244477644444,'late','qr_scan',NULL),('stu-004',142,'2025-07-22 20:30:05',924,-37.81233556130914,144.96351465513914,'on_time','qr_scan',NULL),('stu-004',149,'2025-07-29 20:19:05',810,-37.81319673321303,144.96696940698965,'on_time','geofence','Online session - geofence verification'),('stu-004',149,'2025-07-29 20:32:05',937,-37.81686738109651,144.96657056963338,'on_time','geofence','Online session - geofence verification'),('stu-004',150,'2025-07-29 20:31:05',925,-37.80864036657516,144.95920423633930,'on_time','qr_scan',NULL),('stu-004',155,'2025-08-06 20:16:05',835,-37.81477688647115,144.96283362011343,'on_time','manual_entry','Manual entry - technical issues with QR code'),('stu-004',155,'2025-08-06 20:33:05',962,-37.80862043468880,144.96430356925410,'on_time','qr_scan',NULL),('stu-004',157,'2025-08-05 20:33:05',938,-37.81832810961281,144.96698401245595,'on_time','qr_scan',NULL),('stu-004',158,'2025-08-05 20:34:05',926,-37.81212370465503,144.96438060838793,'on_time','qr_scan',NULL),('stu-004',164,'2025-08-13 20:27:05',824,-37.81657066697662,144.96735678357413,'late','qr_scan',NULL),('stu-004',164,'2025-08-13 20:35:05',951,-37.81375111536268,144.96386843496018,'late','manual_entry','Manual entry - technical issues with QR code'),('stu-004',166,'2025-08-12 20:19:05',800,-37.81855459506284,144.96053998347077,'on_time','qr_scan',NULL),('stu-004',171,'2025-08-20 20:18:05',837,-37.81637772646190,144.96241044112360,'on_time','geofence','Online session - geofence verification'),('stu-004',174,'2025-08-19 20:14:05',801,-37.81493300061928,144.96609206480196,'on_time','geofence','Online session - geofence verification'),('stu-004',179,'2025-08-27 20:30:05',838,-37.81520630413947,144.96050453391558,'very_late','manual_entry','Manual entry - technical issues with QR code'),('stu-004',180,'2025-08-27 20:22:05',826,-37.80919656530674,144.96220842714283,'late','qr_scan',NULL),('stu-004',182,'2025-08-26 20:31:05',802,-37.81169827917544,144.96574224892262,'very_late','qr_scan',NULL),('stu-004',188,'2025-09-03 20:19:05',827,-37.81495580724697,144.95827555667103,'on_time','qr_scan',NULL),('stu-004',189,'2025-09-02 20:31:05',815,-37.81705015835804,144.95954305524550,'very_late','qr_scan',NULL),('stu-004',190,'2025-09-02 20:30:05',803,-37.81578863879069,144.96701912206908,'very_late','qr_scan',NULL),('stu-004',195,'2025-09-10 20:21:05',840,-37.81468601356492,144.96606175120210,'late','qr_scan',NULL),('stu-004',195,'2025-09-10 20:30:05',967,-37.81485499206247,144.96236256025605,'on_time','qr_scan',NULL),('stu-004',196,'2025-09-10 20:33:05',828,-37.80863780995500,144.95856597237741,'very_late','geofence','Online session - geofence verification'),('stu-004',197,'2025-09-09 20:20:05',816,-37.81761478355659,144.96311054696272,'late','qr_scan',NULL),('stu-004',198,'2025-09-09 20:29:05',931,-37.81706090197420,144.96324829820500,'on_time','geofence','Online session - geofence verification'),('stu-004',203,'2025-09-17 20:38:05',968,-37.81474958923883,144.95835660685287,'late','qr_scan',NULL),('stu-004',205,'2025-09-16 20:19:05',817,-37.81399792360310,144.96259416472995,'on_time','qr_scan',NULL),('stu-004',211,'2025-09-24 20:28:05',842,-37.81105876603058,144.96379312518062,'late','facial_recognition','Online session - facial recognition'),('stu-004',212,'2025-09-24 20:20:05',830,-37.81733580199548,144.96521768125845,'late','qr_scan',NULL),('stu-004',212,'2025-09-24 20:33:05',957,-37.81680966973734,144.96312002438066,'on_time','qr_scan',NULL),('stu-004',213,'2025-09-23 20:27:05',818,-37.81016636977714,144.96010942851790,'late','qr_scan',NULL),('stu-004',214,'2025-09-23 20:18:05',806,-37.81086457719902,144.96008308704606,'on_time','qr_scan',NULL),('stu-004',214,'2025-09-23 20:36:05',933,-37.81625023941887,144.96792284864395,'late','facial_recognition','Online session - facial recognition'),('stu-005',1,'2025-01-06 09:03:00',531,51.52156300000000,-0.13034600000000,'on_time','geofence','Auto check-in via location'),('stu-005',125,'2025-07-08 20:20:05',807,-37.80909109453381,144.96651547116488,'late','geofence','Online session - geofence verification'),('stu-005',126,'2025-07-08 20:27:05',795,-37.81599544104542,144.96129655704610,'late','geofence','Online session - geofence verification'),('stu-005',133,'2025-07-15 20:33:05',808,-37.81302612373683,144.96611014487445,'very_late','manual_entry','Manual entry - technical issues with QR code'),('stu-005',142,'2025-07-22 20:22:05',797,-37.81576990615909,144.95953408931925,'late','qr_scan',NULL),('stu-005',149,'2025-07-29 20:22:05',810,-37.81262193531769,144.96575646228348,'late','geofence','Online session - geofence verification'),('stu-005',150,'2025-07-29 20:21:05',798,-37.81562907322629,144.96217369091553,'late','facial_recognition','Online session - facial recognition'),('stu-005',157,'2025-08-05 20:14:05',811,-37.81163596156932,144.96218252018883,'on_time','qr_scan',NULL),('stu-005',158,'2025-08-05 20:22:05',799,-37.81425713152817,144.96649939433930,'late','qr_scan',NULL),('stu-005',158,'2025-08-05 20:30:05',926,-37.80937768731003,144.96112469514590,'on_time','qr_scan',NULL),('stu-005',165,'2025-08-12 20:20:05',812,-37.81200106031243,144.96087543268425,'late','manual_entry','Manual entry - technical issues with QR code'),('stu-005',174,'2025-08-19 20:15:05',801,-37.81137579433543,144.96175971830084,'on_time','geofence','Online session - geofence verification'),('stu-005',181,'2025-08-26 20:15:05',814,-37.81344415861298,144.96217034455245,'on_time','qr_scan',NULL),('stu-005',182,'2025-08-26 20:23:05',802,-37.81809991816608,144.96678941215677,'late','qr_scan',NULL),('stu-005',190,'2025-09-02 20:22:05',803,-37.81683323464788,144.96478301939655,'late','qr_scan',NULL),('stu-005',198,'2025-09-09 20:22:05',804,-37.81108939699725,144.96283383577980,'late','manual_entry','Manual entry - technical issues with QR code'),('stu-005',198,'2025-09-09 20:29:05',931,-37.81109213162110,144.96511106629987,'on_time','qr_scan',NULL),('stu-005',205,'2025-09-16 20:33:05',817,-37.81539138424508,144.96462163923394,'very_late','qr_scan',NULL),('stu-005',213,'2025-09-23 20:29:05',818,-37.81432387690258,144.96637168810952,'late','facial_recognition','Online session - facial recognition'),('stu-005',214,'2025-09-23 20:29:05',806,-37.81074462688392,144.96458714136006,'late','facial_recognition','Online session - facial recognition'),('stu-006',1,'2025-01-06 09:01:00',531,51.52156300000000,-0.13034600000000,'on_time','facial_recognition','Pilot facial recognition'),('stu-006',121,'2025-07-10 20:33:05',855,-37.81345118756523,144.96421294006566,'very_late','geofence','Online session - geofence verification'),('stu-006',123,'2025-07-09 20:32:05',831,-37.81340483237170,144.96567245404418,'very_late','manual_entry','Manual entry - technical issues with QR code'),('stu-006',124,'2025-07-09 20:22:05',819,-37.80950718925084,144.96048033980352,'late','geofence','Online session - geofence verification'),('stu-006',129,'2025-07-17 20:32:05',856,-37.81525924622366,144.96704633305160,'very_late','qr_scan',NULL),('stu-006',129,'2025-07-17 20:34:05',983,-37.81502622355971,144.95999326380556,'on_time','qr_scan',NULL),('stu-006',130,'2025-07-17 20:26:05',844,-37.80931136158957,144.96653395387608,'late','qr_scan',NULL),('stu-006',131,'2025-07-16 20:16:05',832,-37.81145335691912,144.96075729730265,'on_time','qr_scan',NULL),('stu-006',132,'2025-07-16 20:28:05',820,-37.81700795382709,144.96460767224517,'late','qr_scan',NULL),('stu-006',137,'2025-07-24 20:29:05',857,-37.81616938185317,144.96742418857640,'late','qr_scan',NULL),('stu-006',138,'2025-07-24 20:23:05',845,-37.80933461321251,144.96076375807363,'late','qr_scan',NULL),('stu-006',139,'2025-07-23 20:32:05',833,-37.81043306363582,144.96056520671291,'very_late','qr_scan',NULL),('stu-006',145,'2025-07-31 20:26:05',858,-37.81294402257609,144.96720862756808,'late','geofence','Online session - geofence verification'),('stu-006',146,'2025-07-31 20:24:05',846,-37.81144986459916,144.96796936340095,'late','facial_recognition','Online session - facial recognition'),('stu-006',147,'2025-07-30 20:30:05',834,-37.81541461284572,144.95997370360072,'very_late','facial_recognition','Online session - facial recognition'),('stu-006',148,'2025-07-30 20:34:05',949,-37.81450968290894,144.96288030080422,'on_time','facial_recognition','Online session - facial recognition'),('stu-006',153,'2025-08-07 20:30:05',859,-37.81609170301249,144.96655924283235,'very_late','qr_scan',NULL),('stu-006',153,'2025-08-07 20:33:05',986,-37.80915486793682,144.96070891279447,'on_time','qr_scan',NULL),('stu-006',154,'2025-08-07 20:35:05',974,-37.81256377183866,144.96013942304666,'late','qr_scan',NULL),('stu-006',155,'2025-08-06 20:35:05',962,-37.81791222279492,144.96118374903452,'late','qr_scan',NULL),('stu-006',156,'2025-08-06 20:22:05',823,-37.80863544614654,144.96479350873372,'late','qr_scan',NULL),('stu-006',161,'2025-08-14 20:29:05',987,-37.81000203812290,144.96071132803988,'on_time','qr_scan',NULL),('stu-006',163,'2025-08-13 20:33:05',836,-37.81115652271449,144.96532084209065,'very_late','qr_scan',NULL),('stu-006',169,'2025-08-21 20:22:05',861,-37.81759370318185,144.95984067863424,'late','geofence','Online session - geofence verification'),('stu-006',170,'2025-08-21 20:31:05',976,-37.80874876330285,144.95855389749153,'on_time','geofence','Online session - geofence verification'),('stu-006',171,'2025-08-20 20:16:05',837,-37.81577813816590,144.96772249900178,'on_time','geofence','Online session - geofence verification'),('stu-006',172,'2025-08-20 20:17:05',825,-37.81649043456120,144.96296747994540,'on_time','geofence','Online session - geofence verification'),('stu-006',177,'2025-08-28 20:32:05',862,-37.81701036546828,144.96768459212404,'very_late','facial_recognition','Online session - facial recognition'),('stu-006',178,'2025-08-28 20:18:05',850,-37.81366109112414,144.96593355477063,'on_time','qr_scan',NULL),('stu-006',186,'2025-09-04 20:25:05',851,-37.81409337523570,144.96354250141405,'late','qr_scan',NULL),('stu-006',187,'2025-09-03 20:21:05',839,-37.81410309930509,144.96006892143410,'late','qr_scan',NULL),('stu-006',187,'2025-09-03 20:32:05',966,-37.81453642294029,144.95865250329015,'on_time','qr_scan',NULL),('stu-006',188,'2025-09-03 20:32:05',827,-37.81243882934585,144.96130778164380,'very_late','qr_scan',NULL),('stu-006',194,'2025-09-11 20:32:05',852,-37.81556017783784,144.96498588187740,'very_late','qr_scan',NULL),('stu-006',194,'2025-09-11 20:29:05',979,-37.81839723086562,144.96786411234567,'on_time','geofence','Online session - geofence verification'),('stu-006',195,'2025-09-10 20:26:05',840,-37.81055673191171,144.95897014545767,'late','manual_entry','Manual entry - technical issues with QR code'),('stu-006',195,'2025-09-10 20:36:05',967,-37.81082729094534,144.96415992033710,'late','geofence','Online session - geofence verification'),('stu-006',201,'2025-09-18 20:20:05',865,-37.81039634715598,144.95916961625727,'late','manual_entry','Manual entry - technical issues with QR code'),('stu-006',202,'2025-09-18 20:33:05',853,-37.81829301933394,144.96105491990910,'very_late','qr_scan',NULL),('stu-006',203,'2025-09-17 20:21:05',841,-37.81449729208117,144.96722153553137,'late','qr_scan',NULL),('stu-006',209,'2025-09-25 20:32:05',866,-37.81770246706484,144.96529570761285,'very_late','qr_scan',NULL),('stu-006',209,'2025-09-25 20:32:05',993,-37.81687682657938,144.96695389284125,'on_time','qr_scan',NULL),('stu-006',210,'2025-09-25 20:16:05',854,-37.81034650036893,144.96603890339130,'on_time','facial_recognition','Online session - facial recognition'),('stu-006',211,'2025-09-24 20:18:05',842,-37.81547454121828,144.96733655538748,'on_time','qr_scan',NULL),('stu-007',2,'2025-01-13 09:40:00',533,51.52156300000000,-0.13034600000000,'manual_override','manual_entry','Phone battery died'),('stu-007',121,'2025-07-10 20:28:05',855,-37.81769230585125,144.96088098074978,'late','qr_scan',NULL),('stu-007',122,'2025-07-10 20:28:05',843,-37.80862450829374,144.96683515019075,'late','manual_entry','Manual entry - technical issues with QR code'),('stu-007',129,'2025-07-17 20:27:05',856,-37.80918810073006,144.96503542965402,'late','qr_scan',NULL),('stu-007',130,'2025-07-17 20:26:05',844,-37.81042450825519,144.96032522614732,'late','qr_scan',NULL),('stu-007',137,'2025-07-24 20:31:05',857,-37.81322287432945,144.95896699369445,'very_late','qr_scan',NULL),('stu-007',138,'2025-07-24 20:33:05',845,-37.81705850237502,144.96694185547832,'very_late','qr_scan',NULL),('stu-007',145,'2025-07-31 20:25:05',858,-37.81657488240337,144.96157514733994,'late','facial_recognition','Online session - facial recognition'),('stu-007',145,'2025-07-31 20:30:05',985,-37.81659499698728,144.96495726977590,'on_time','geofence','Online session - geofence verification'),('stu-007',146,'2025-07-31 20:33:05',846,-37.81291940475881,144.96688107955566,'very_late','geofence','Online session - geofence verification'),('stu-007',153,'2025-08-07 20:30:05',859,-37.81051952349797,144.96306571478897,'very_late','qr_scan',NULL),('stu-007',162,'2025-08-14 20:31:05',848,-37.81701852416137,144.95957926065276,'very_late','qr_scan',NULL),('stu-007',169,'2025-08-21 20:20:05',861,-37.80965111113847,144.96324300603900,'late','geofence','Online session - geofence verification'),('stu-007',169,'2025-08-21 20:31:05',988,-37.80870949238214,144.95877077887306,'on_time','qr_scan',NULL),('stu-007',170,'2025-08-21 20:33:05',849,-37.81818123310431,144.96134644822930,'very_late','geofence','Online session - geofence verification'),('stu-007',178,'2025-08-28 20:30:05',850,-37.81038027399050,144.96443490937420,'very_late','qr_scan',NULL),('stu-007',185,'2025-09-04 20:14:05',863,-37.81071731059674,144.96745363423020,'on_time','qr_scan',NULL),('stu-007',193,'2025-09-11 20:31:05',864,-37.80863563141454,144.96114262666316,'very_late','geofence','Online session - geofence verification'),('stu-007',194,'2025-09-11 20:25:05',852,-37.81506947574473,144.96807640944084,'late','geofence','Online session - geofence verification'),('stu-007',210,'2025-09-25 20:15:05',854,-37.80913514487160,144.96286412998955,'on_time','qr_scan',NULL),('stu-007',210,'2025-09-25 20:30:05',981,-37.81185570922649,144.96683642873833,'on_time','manual_entry','Manual entry - technical issues with QR code'),('stu-008',124,'2025-07-09 20:25:05',819,-37.81259321950413,144.96020795393410,'late','qr_scan',NULL),('stu-008',126,'2025-07-08 20:16:05',795,-37.81682796301752,144.96319256760130,'on_time','qr_scan',NULL),('stu-008',126,'2025-07-08 20:30:05',922,-37.81658914440720,144.96380412785345,'on_time','geofence','Online session - geofence verification'),('stu-008',132,'2025-07-16 20:32:05',820,-37.81544617551681,144.96600482679187,'very_late','qr_scan',NULL),('stu-008',134,'2025-07-15 20:20:05',796,-37.81854234222914,144.95846661628667,'late','qr_scan',NULL),('stu-008',134,'2025-07-15 20:30:05',923,-37.81510571115921,144.96036627710487,'on_time','qr_scan',NULL),('stu-008',139,'2025-07-23 20:17:05',833,-37.81342315370331,144.95879271959430,'on_time','qr_scan',NULL),('stu-008',140,'2025-07-23 20:29:05',821,-37.81533714218357,144.96049488313200,'late','qr_scan',NULL),('stu-008',142,'2025-07-22 20:32:05',797,-37.80914769956558,144.96806582471763,'very_late','qr_scan',NULL),('stu-008',147,'2025-07-30 20:20:05',834,-37.81083370150871,144.96660947152685,'late','facial_recognition','Online session - facial recognition'),('stu-008',147,'2025-07-30 20:34:05',961,-37.81430311442549,144.96407539867832,'on_time','facial_recognition','Online session - facial recognition'),('stu-008',148,'2025-07-30 20:32:05',949,-37.81443234300449,144.96750269577262,'on_time','facial_recognition','Online session - facial recognition'),('stu-008',149,'2025-07-29 20:29:05',937,-37.81793336963815,144.96037932367685,'on_time','facial_recognition','Online session - facial recognition'),('stu-008',155,'2025-08-06 20:28:05',835,-37.81213669151993,144.95831126327124,'late','qr_scan',NULL),('stu-008',157,'2025-08-05 20:24:05',811,-37.81038710987958,144.96309984229450,'late','qr_scan',NULL),('stu-008',157,'2025-08-05 20:35:05',938,-37.81252762806633,144.96035258087950,'late','qr_scan',NULL),('stu-008',158,'2025-08-05 20:33:05',799,-37.81728684830022,144.96573480811160,'very_late','qr_scan',NULL),('stu-008',163,'2025-08-13 20:29:05',963,-37.81580156653524,144.95977005967504,'on_time','qr_scan',NULL),('stu-008',165,'2025-08-12 20:18:05',812,-37.81046390577058,144.96255419470262,'on_time','qr_scan',NULL),('stu-008',171,'2025-08-20 20:32:05',837,-37.81070546727489,144.95947150681704,'very_late','geofence','Online session - geofence verification'),('stu-008',172,'2025-08-20 20:24:05',825,-37.81542071554178,144.96767318541555,'late','geofence','Online session - geofence verification'),('stu-008',173,'2025-08-19 20:22:05',813,-37.81360137509313,144.96084227379146,'late','geofence','Online session - geofence verification'),('stu-008',174,'2025-08-19 20:18:05',801,-37.81772432667718,144.96602620844016,'on_time','geofence','Online session - geofence verification'),('stu-008',180,'2025-08-27 20:33:05',826,-37.81823214836049,144.96091756624840,'very_late','qr_scan',NULL),('stu-008',181,'2025-08-26 20:18:05',814,-37.81220279045403,144.96345616445853,'on_time','facial_recognition','Online session - facial recognition'),('stu-008',187,'2025-09-03 20:25:05',839,-37.81834790101848,144.96177220630278,'late','qr_scan',NULL),('stu-008',187,'2025-09-03 20:30:05',966,-37.81430826476971,144.96595442146273,'on_time','manual_entry','Manual entry - technical issues with QR code'),('stu-008',188,'2025-09-03 20:30:05',827,-37.81049799840739,144.96414909368423,'very_late','qr_scan',NULL),('stu-008',189,'2025-09-02 20:23:05',815,-37.81009523474415,144.96622170090910,'late','qr_scan',NULL),('stu-008',190,'2025-09-02 20:15:05',803,-37.81031966196198,144.96792684563830,'on_time','qr_scan',NULL),('stu-008',197,'2025-09-09 20:15:05',816,-37.81007294080953,144.96780224185818,'on_time','geofence','Online session - geofence verification'),('stu-008',204,'2025-09-17 20:23:05',829,-37.81594368729158,144.96645838671620,'late','qr_scan',NULL),('stu-008',206,'2025-09-16 20:19:05',805,-37.81103873889785,144.96769556529262,'on_time','qr_scan',NULL),('stu-008',211,'2025-09-24 20:26:05',842,-37.81740750917719,144.96509543849285,'late','facial_recognition','Online session - facial recognition'),('stu-008',211,'2025-09-24 20:38:05',969,-37.81533818346740,144.96713008896768,'late','qr_scan',NULL),('stu-008',212,'2025-09-24 20:19:05',830,-37.81776475877088,144.96404822686720,'on_time','qr_scan',NULL),('stu-008',213,'2025-09-23 20:29:05',818,-37.81501374542044,144.96252539182905,'late','qr_scan',NULL),('stu-008',214,'2025-09-23 20:23:05',806,-37.81077618785070,144.96255951598180,'late','qr_scan',NULL),('stu-008',214,'2025-09-23 20:37:05',933,-37.81073663244819,144.96315754379094,'late','facial_recognition','Online session - facial recognition'),('stu-009',123,'2025-07-09 20:27:05',831,-37.81208903218609,144.96114860136754,'late','geofence','Online session - geofence verification'),('stu-009',124,'2025-07-09 20:30:05',946,-37.81735361242215,144.96106036605067,'on_time','geofence','Online session - geofence verification'),('stu-009',134,'2025-07-15 20:36:05',923,-37.81392672992472,144.95913505406625,'late','qr_scan',NULL),('stu-009',139,'2025-07-23 20:29:05',833,-37.81446348551872,144.96602115730970,'late','qr_scan',NULL),('stu-009',140,'2025-07-23 20:36:05',948,-37.81468273892299,144.96592646502165,'late','qr_scan',NULL),('stu-009',141,'2025-07-22 20:16:05',809,-37.81440446303432,144.96460264804855,'on_time','qr_scan',NULL),('stu-009',142,'2025-07-22 20:38:05',924,-37.81527306532774,144.96704778524426,'late','qr_scan',NULL),('stu-009',147,'2025-07-30 20:15:05',834,-37.81277589676955,144.96507882226388,'on_time','facial_recognition','Online session - facial recognition'),('stu-009',148,'2025-07-30 20:27:05',822,-37.80926635870437,144.96470099171717,'late','geofence','Online session - geofence verification'),('stu-009',149,'2025-07-29 20:19:05',810,-37.81085532271178,144.95838841723713,'on_time','geofence','Online session - geofence verification'),('stu-009',150,'2025-07-29 20:15:05',798,-37.80917450824471,144.96246902353016,'on_time','qr_scan',NULL),('stu-009',156,'2025-08-06 20:30:05',823,-37.81085273834751,144.96216795663207,'very_late','qr_scan',NULL),('stu-009',158,'2025-08-05 20:30:05',799,-37.80996123297863,144.96648832100703,'very_late','qr_scan',NULL),('stu-009',163,'2025-08-13 20:23:05',836,-37.81666657349511,144.96363561371336,'late','qr_scan',NULL),('stu-009',164,'2025-08-13 20:29:05',824,-37.81665236572218,144.96484434782633,'late','qr_scan',NULL),('stu-009',165,'2025-08-12 20:25:05',812,-37.81243371378653,144.96107881579303,'late','qr_scan',NULL),('stu-009',166,'2025-08-12 20:24:05',800,-37.80994078582874,144.96635746038766,'late','qr_scan',NULL),('stu-009',172,'2025-08-20 20:19:05',825,-37.80898015116042,144.96743680216719,'on_time','qr_scan',NULL),('stu-009',172,'2025-08-20 20:35:05',952,-37.81230981210257,144.96113959853298,'late','geofence','Online session - geofence verification'),('stu-009',173,'2025-08-19 20:24:05',813,-37.81799322506021,144.96508192004765,'late','geofence','Online session - geofence verification'),('stu-009',174,'2025-08-19 20:16:05',801,-37.81340462888704,144.96035239281753,'on_time','qr_scan',NULL),('stu-009',179,'2025-08-27 20:26:05',838,-37.81068496592202,144.95892190360950,'late','qr_scan',NULL),('stu-009',181,'2025-08-26 20:17:05',814,-37.81198019786717,144.96556658074434,'on_time','manual_entry','Manual entry - technical issues with QR code'),('stu-009',187,'2025-09-03 20:28:05',839,-37.81637892540934,144.95818420591250,'late','manual_entry','Manual entry - technical issues with QR code'),('stu-009',188,'2025-09-03 20:17:05',827,-37.80866819650537,144.96310890075696,'on_time','manual_entry','Manual entry - technical issues with QR code'),('stu-009',189,'2025-09-02 20:16:05',815,-37.81835291191577,144.96601761170880,'on_time','qr_scan',NULL),('stu-009',190,'2025-09-02 20:17:05',803,-37.81155196626610,144.96738356302836,'on_time','manual_entry','Manual entry - technical issues with QR code'),('stu-009',195,'2025-09-10 20:17:05',840,-37.81504187517133,144.96046622467858,'on_time','geofence','Online session - geofence verification'),('stu-009',196,'2025-09-10 20:16:05',828,-37.81209563746108,144.96654608098123,'on_time','qr_scan',NULL),('stu-009',196,'2025-09-10 20:38:05',955,-37.81327636347253,144.96653928225192,'late','geofence','Online session - geofence verification'),('stu-009',198,'2025-09-09 20:29:05',931,-37.81081633353477,144.96542235037472,'on_time','geofence','Online session - geofence verification'),('stu-009',203,'2025-09-17 20:25:05',841,-37.81716368673832,144.96798008229050,'late','qr_scan',NULL),('stu-009',203,'2025-09-17 20:36:05',968,-37.81142577939595,144.96121558224550,'late','qr_scan',NULL),('stu-009',205,'2025-09-16 20:29:05',817,-37.81570500566951,144.95921368394560,'late','manual_entry','Manual entry - technical issues with QR code'),('stu-009',205,'2025-09-16 20:35:05',944,-37.81014509080718,144.96183803167952,'late','qr_scan',NULL),('stu-009',206,'2025-09-16 20:29:05',805,-37.81606452133867,144.96772682836655,'late','qr_scan',NULL),('stu-009',212,'2025-09-24 20:30:05',830,-37.80864436013293,144.96288107618614,'very_late','manual_entry','Manual entry - technical issues with QR code'),('stu-009',214,'2025-09-23 20:15:05',806,-37.81131757497705,144.96225561180950,'on_time','facial_recognition','Online session - facial recognition'),('stu-009',214,'2025-09-23 20:32:05',933,-37.81711558967356,144.96557569603610,'on_time','facial_recognition','Online session - facial recognition'),('stu-010',123,'2025-07-09 20:32:05',831,-37.80870673719468,144.95935217016904,'very_late','geofence','Online session - geofence verification'),('stu-010',124,'2025-07-09 20:21:05',819,-37.81837924447486,144.96777941908135,'late','geofence','Online session - geofence verification'),('stu-010',124,'2025-07-09 20:35:05',946,-37.80962679671816,144.96366929284295,'late','manual_entry','Manual entry - technical issues with QR code'),('stu-010',125,'2025-07-08 20:31:05',934,-37.81664692346421,144.96053051630670,'on_time','geofence','Online session - geofence verification'),('stu-010',126,'2025-07-08 20:27:05',795,-37.81077035326378,144.96672976432650,'late','qr_scan',NULL),('stu-010',132,'2025-07-16 20:19:05',820,-37.81436578203194,144.96085267632003,'on_time','qr_scan',NULL),('stu-010',134,'2025-07-15 20:16:05',796,-37.81508636564286,144.96259874320486,'on_time','qr_scan',NULL),('stu-010',134,'2025-07-15 20:31:05',923,-37.80870568006905,144.95955517944495,'on_time','qr_scan',NULL),('stu-010',139,'2025-07-23 20:18:05',833,-37.80910000273669,144.95894675030863,'on_time','qr_scan',NULL),('stu-010',141,'2025-07-22 20:14:05',809,-37.81775386651564,144.96195505444730,'on_time','qr_scan',NULL),('stu-010',142,'2025-07-22 20:19:05',797,-37.81648327649970,144.95997903348533,'on_time','qr_scan',NULL),('stu-010',147,'2025-07-30 20:26:05',834,-37.81000268953648,144.96256892304763,'late','geofence','Online session - geofence verification'),('stu-010',148,'2025-07-30 20:24:05',822,-37.81752610377532,144.96781788086900,'late','facial_recognition','Online session - facial recognition'),('stu-010',149,'2025-07-29 20:14:05',810,-37.81234905488803,144.95882966065327,'on_time','geofence','Online session - geofence verification'),('stu-010',149,'2025-07-29 20:31:05',937,-37.81634623148865,144.96175438078870,'on_time','geofence','Online session - geofence verification'),('stu-010',155,'2025-08-06 20:20:05',835,-37.81423620107773,144.95944401585100,'late','qr_scan',NULL),('stu-010',156,'2025-08-06 20:20:05',823,-37.81346338041244,144.96392472935860,'late','qr_scan',NULL),('stu-010',156,'2025-08-06 20:29:05',950,-37.81726046433212,144.96337351224355,'on_time','qr_scan',NULL),('stu-010',157,'2025-08-05 20:19:05',811,-37.81433814807063,144.96060642405124,'on_time','qr_scan',NULL),('stu-010',158,'2025-08-05 20:23:05',799,-37.81186811913705,144.96687472858760,'late','qr_scan',NULL),('stu-010',164,'2025-08-13 20:32:05',824,-37.81643081022821,144.96146252959758,'very_late','qr_scan',NULL),('stu-010',165,'2025-08-12 20:20:05',812,-37.81258738114535,144.95904412631444,'late','qr_scan',NULL),('stu-010',165,'2025-08-12 20:38:05',939,-37.81608592181829,144.96240883238494,'late','qr_scan',NULL),('stu-010',166,'2025-08-12 20:17:05',800,-37.81564938986995,144.96752529754660,'on_time','qr_scan',NULL),('stu-010',172,'2025-08-20 20:16:05',825,-37.81651380892313,144.96519520490568,'on_time','geofence','Online session - geofence verification'),('stu-010',173,'2025-08-19 20:37:05',940,-37.81018429171106,144.96372951550413,'late','geofence','Online session - geofence verification'),('stu-010',174,'2025-08-19 20:17:05',801,-37.81751716718573,144.95864793297363,'on_time','geofence','Online session - geofence verification'),('stu-010',180,'2025-08-27 20:20:05',826,-37.81105308385459,144.96566279904167,'late','qr_scan',NULL),('stu-010',181,'2025-08-26 20:23:05',814,-37.81618176144919,144.96528795438036,'late','facial_recognition','Online session - facial recognition'),('stu-010',188,'2025-09-03 20:16:05',827,-37.81825345012923,144.96617645142830,'on_time','manual_entry','Manual entry - technical issues with QR code'),('stu-010',189,'2025-09-02 20:14:05',815,-37.81273469261875,144.96598312269177,'on_time','qr_scan',NULL),('stu-010',190,'2025-09-02 20:31:05',803,-37.81183173013817,144.96638770223845,'very_late','qr_scan',NULL),('stu-010',197,'2025-09-09 20:31:05',816,-37.81059491148069,144.96134420721572,'very_late','geofence','Online session - geofence verification'),('stu-010',198,'2025-09-09 20:25:05',804,-37.81255874839645,144.96145521043590,'late','geofence','Online session - geofence verification'),('stu-010',203,'2025-09-17 20:25:05',841,-37.81478884906749,144.95970441504008,'late','qr_scan',NULL),('stu-010',204,'2025-09-17 20:31:05',829,-37.81706891716912,144.95956509079400,'very_late','qr_scan',NULL),('stu-010',205,'2025-09-16 20:16:05',817,-37.81386964237473,144.95852338736395,'on_time','qr_scan',NULL),('stu-010',211,'2025-09-24 20:25:05',842,-37.81732550312311,144.96688567132986,'late','qr_scan',NULL),('stu-010',212,'2025-09-24 20:25:05',830,-37.81146998493864,144.96620283581550,'late','facial_recognition','Online session - facial recognition'),('stu-010',214,'2025-09-23 20:18:05',806,-37.81445692100773,144.96225413634306,'on_time','qr_scan',NULL),('stu-021',3,'2025-01-20 09:05:00',535,51.52156300000000,-0.13034600000000,'on_time','qr_scan',NULL),('stu-021',126,'2025-07-08 20:18:05',795,-37.81552906496761,144.96622432751815,'on_time','qr_scan',NULL),('stu-021',127,'2025-07-07 20:25:05',783,-37.81791346471358,144.96391098778713,'late','qr_scan',NULL),('stu-021',127,'2025-07-07 20:35:05',910,-37.80954015410258,144.96514885904400,'late','geofence','Online session - geofence verification'),('stu-021',133,'2025-07-15 20:31:05',808,-37.81783883085068,144.96577894313455,'very_late','qr_scan',NULL),('stu-021',136,'2025-07-14 20:28:05',772,-37.81090909245304,144.96487170308936,'late','qr_scan',NULL),('stu-021',136,'2025-07-14 20:36:05',899,-37.81443969357036,144.96748007407763,'late','qr_scan',NULL),('stu-021',141,'2025-07-22 20:18:05',809,-37.81821462886968,144.96366926370186,'on_time','qr_scan',NULL),('stu-021',141,'2025-07-22 20:29:05',936,-37.80914481373220,144.96397648724752,'on_time','qr_scan',NULL),('stu-021',143,'2025-07-21 20:26:05',785,-37.81695230299118,144.96772908072361,'late','qr_scan',NULL),('stu-021',144,'2025-07-21 20:25:05',773,-37.81198251803385,144.96383794561973,'late','qr_scan',NULL),('stu-021',149,'2025-07-29 20:18:05',810,-37.81184460672517,144.96501188807312,'on_time','facial_recognition','Online session - facial recognition'),('stu-021',149,'2025-07-29 20:35:05',937,-37.81018253821692,144.96041775464707,'late','geofence','Online session - geofence verification'),('stu-021',150,'2025-07-29 20:19:05',798,-37.81793448862223,144.96250319283345,'on_time','qr_scan',NULL),('stu-021',151,'2025-07-28 20:18:05',786,-37.81730493929712,144.96789403280633,'on_time','geofence','Online session - geofence verification'),('stu-021',151,'2025-07-28 20:38:05',913,-37.81316029923126,144.96636481181966,'late','manual_entry','Manual entry - technical issues with QR code'),('stu-021',157,'2025-08-05 20:16:05',811,-37.81177193386441,144.95859967489253,'on_time','qr_scan',NULL),('stu-021',159,'2025-08-04 20:20:05',787,-37.80889573025210,144.96648045503792,'late','qr_scan',NULL),('stu-021',159,'2025-08-04 20:29:05',914,-37.80934871704984,144.96331378517635,'on_time','qr_scan',NULL),('stu-021',165,'2025-08-12 20:15:05',812,-37.81574083593073,144.96065132682858,'on_time','qr_scan',NULL),('stu-021',166,'2025-08-12 20:20:05',800,-37.81793699305108,144.96212284729668,'late','qr_scan',NULL),('stu-021',168,'2025-08-11 20:29:05',903,-37.81408810050403,144.96789996663500,'on_time','qr_scan',NULL),('stu-021',173,'2025-08-19 20:20:05',813,-37.81592552055020,144.96176659623913,'late','geofence','Online session - geofence verification'),('stu-021',174,'2025-08-19 20:25:05',801,-37.81801332464052,144.96359727195454,'late','geofence','Online session - geofence verification'),('stu-021',175,'2025-08-18 20:23:05',789,-37.81815722009722,144.96561046878054,'late','geofence','Online session - geofence verification'),('stu-021',176,'2025-08-18 20:30:05',777,-37.81838497157785,144.96423775536059,'very_late','geofence','Online session - geofence verification'),('stu-021',181,'2025-08-26 20:17:05',814,-37.81534806961487,144.95877539238433,'on_time','facial_recognition','Online session - facial recognition'),('stu-021',183,'2025-08-25 20:32:05',917,-37.80860610766933,144.95904949654390,'on_time','qr_scan',NULL),('stu-021',191,'2025-09-01 20:17:05',791,-37.81724074911796,144.95899053111233,'on_time','qr_scan',NULL),('stu-021',191,'2025-09-01 20:36:05',918,-37.81403171482667,144.96792165620644,'late','qr_scan',NULL),('stu-021',192,'2025-09-01 20:31:05',906,-37.81601807148552,144.96311476875974,'on_time','qr_scan',NULL),('stu-021',198,'2025-09-09 20:20:05',804,-37.81857760581782,144.95862439907614,'late','geofence','Online session - geofence verification'),('stu-021',205,'2025-09-16 20:30:05',817,-37.81058179508744,144.96311354645474,'very_late','qr_scan',NULL),('stu-021',207,'2025-09-15 20:32:05',793,-37.81853003080592,144.96088288411235,'very_late','qr_scan',NULL),('stu-021',214,'2025-09-23 20:32:05',806,-37.81740025229306,144.96636428931976,'very_late','qr_scan',NULL),('stu-021',216,'2025-09-22 20:17:05',782,-37.81022112833152,144.96500111400272,'on_time','facial_recognition','Online session - facial recognition'),('stu-021',216,'2025-09-22 20:38:05',909,-37.81446708278011,144.95947854686136,'late','qr_scan',NULL),('stu-022',127,'2025-07-07 20:29:05',783,-37.81186748051985,144.95913148611360,'late','geofence','Online session - geofence verification'),('stu-022',128,'2025-07-07 20:19:05',771,-37.81513156681595,144.96777904821008,'on_time','geofence','Online session - geofence verification'),('stu-022',128,'2025-07-07 20:33:05',898,-37.81790001882771,144.96796331823268,'on_time','geofence','Online session - geofence verification'),('stu-022',133,'2025-07-15 20:29:05',808,-37.80933755746776,144.96185457227580,'late','qr_scan',NULL),('stu-022',134,'2025-07-15 20:24:05',796,-37.80999978319537,144.96465884784325,'late','qr_scan',NULL),('stu-022',141,'2025-07-22 20:27:05',809,-37.81495443431917,144.96609811972118,'late','qr_scan',NULL),('stu-022',141,'2025-07-22 20:36:05',936,-37.81437599655443,144.96685523571740,'late','qr_scan',NULL),('stu-022',142,'2025-07-22 20:31:05',797,-37.81334146428960,144.96797936278793,'very_late','qr_scan',NULL),('stu-022',142,'2025-07-22 20:30:05',924,-37.81264664944303,144.96346328974678,'on_time','qr_scan',NULL),('stu-022',143,'2025-07-21 20:37:05',912,-37.81553041397904,144.96655930661862,'late','qr_scan',NULL),('stu-022',144,'2025-07-21 20:27:05',773,-37.81024896728625,144.95893743591870,'late','qr_scan',NULL),('stu-022',144,'2025-07-21 20:38:05',900,-37.81074498241632,144.96748175565506,'late','qr_scan',NULL),('stu-022',149,'2025-07-29 20:15:05',810,-37.81782658058743,144.95977517637990,'on_time','geofence','Online session - geofence verification'),('stu-022',151,'2025-07-28 20:26:05',786,-37.81364088118210,144.96476715527575,'late','geofence','Online session - geofence verification'),('stu-022',152,'2025-07-28 20:22:05',774,-37.80881967208033,144.96371901236475,'late','geofence','Online session - geofence verification'),('stu-022',157,'2025-08-05 20:32:05',938,-37.81192810500946,144.96023302890038,'on_time','qr_scan',NULL),('stu-022',165,'2025-08-12 20:20:05',812,-37.81492877125063,144.96673095095252,'late','qr_scan',NULL),('stu-022',166,'2025-08-12 20:31:05',800,-37.81018795683793,144.96448760170563,'very_late','qr_scan',NULL),('stu-022',168,'2025-08-11 20:22:05',776,-37.81557010589481,144.96022921329040,'late','qr_scan',NULL),('stu-022',174,'2025-08-19 20:18:05',801,-37.81507972943865,144.95928178975880,'on_time','geofence','Online session - geofence verification'),('stu-022',175,'2025-08-18 20:31:05',789,-37.81432893082698,144.96368949675000,'very_late','geofence','Online session - geofence verification'),('stu-022',176,'2025-08-18 20:31:05',904,-37.81848833243017,144.96047398838846,'on_time','geofence','Online session - geofence verification'),('stu-022',182,'2025-08-26 20:22:05',802,-37.81546102481267,144.96033422277927,'late','facial_recognition','Online session - facial recognition'),('stu-022',183,'2025-08-25 20:31:05',790,-37.81210799288927,144.96382593873900,'very_late','facial_recognition','Online session - facial recognition'),('stu-022',184,'2025-08-25 20:28:05',778,-37.80992533691947,144.95984080302170,'late','facial_recognition','Online session - facial recognition'),('stu-022',189,'2025-09-02 20:17:05',815,-37.81601538491791,144.96566394423317,'on_time','qr_scan',NULL),('stu-022',189,'2025-09-02 20:31:05',942,-37.81057734940981,144.96077134908836,'on_time','qr_scan',NULL),('stu-022',190,'2025-09-02 20:30:05',930,-37.81043470936663,144.96364362555550,'on_time','qr_scan',NULL),('stu-022',198,'2025-09-09 20:35:05',931,-37.81182192982139,144.96250115577950,'late','geofence','Online session - geofence verification'),('stu-022',199,'2025-09-08 20:23:05',792,-37.81541851470547,144.95903410256406,'late','geofence','Online session - geofence verification'),('stu-022',206,'2025-09-16 20:23:05',805,-37.81641422884000,144.96474459239380,'late','manual_entry','Manual entry - technical issues with QR code'),('stu-022',213,'2025-09-23 20:30:05',818,-37.81053115436652,144.96337798801220,'very_late','qr_scan',NULL),('stu-022',213,'2025-09-23 20:29:05',945,-37.80933001048596,144.96347654488847,'on_time','facial_recognition','Online session - facial recognition'),('stu-022',214,'2025-09-23 20:21:05',806,-37.81267585467592,144.96626627310417,'late','qr_scan',NULL),('stu-022',216,'2025-09-22 20:26:05',782,-37.81599969125707,144.96267723939286,'late','facial_recognition','Online session - facial recognition'),('stu-023',3,'2025-01-20 09:25:00',536,51.52156300000000,-0.13034600000000,'very_late','geofence','Automatic late check-in'),('stu-023',123,'2025-07-09 20:32:05',831,-37.81259917048774,144.96065773741990,'very_late','manual_entry','Manual entry - technical issues with QR code'),('stu-023',124,'2025-07-09 20:33:05',819,-37.81362504332459,144.96406711741383,'very_late','geofence','Online session - geofence verification'),('stu-023',124,'2025-07-09 20:36:05',946,-37.81174858791712,144.95857787523872,'late','geofence','Online session - geofence verification'),('stu-023',127,'2025-07-07 20:17:05',783,-37.81495509629394,144.96120980641572,'on_time','manual_entry','Manual entry - technical issues with QR code'),('stu-023',128,'2025-07-07 20:15:05',771,-37.81800700158422,144.95832729827112,'on_time','qr_scan',NULL),('stu-023',139,'2025-07-23 20:26:05',833,-37.81515853145435,144.96692169398370,'late','qr_scan',NULL),('stu-023',143,'2025-07-21 20:26:05',785,-37.80989959374787,144.96355800726437,'late','qr_scan',NULL),('stu-023',144,'2025-07-21 20:20:05',773,-37.81021173822509,144.96056700513407,'late','qr_scan',NULL),('stu-023',147,'2025-07-30 20:32:05',834,-37.81147479246303,144.96565608217563,'very_late','geofence','Online session - geofence verification'),('stu-023',148,'2025-07-30 20:29:05',822,-37.81627845966637,144.96665288919857,'late','qr_scan',NULL),('stu-023',151,'2025-07-28 20:18:05',786,-37.81252208218009,144.96161768248112,'on_time','geofence','Online session - geofence verification'),('stu-023',151,'2025-07-28 20:35:05',913,-37.80860664704480,144.95965612287256,'late','qr_scan',NULL),('stu-023',152,'2025-07-28 20:27:05',774,-37.81029545944007,144.95888263788558,'late','geofence','Online session - geofence verification'),('stu-023',152,'2025-07-28 20:32:05',901,-37.80918435276205,144.96615459687305,'on_time','qr_scan',NULL),('stu-023',159,'2025-08-04 20:25:05',787,-37.81671072983603,144.96056204958526,'late','qr_scan',NULL),('stu-023',167,'2025-08-11 20:30:05',788,-37.81435995820180,144.96442737831802,'very_late','qr_scan',NULL),('stu-023',167,'2025-08-11 20:38:05',915,-37.81201946834086,144.96136577069540,'late','manual_entry','Manual entry - technical issues with QR code'),('stu-023',171,'2025-08-20 20:16:05',837,-37.81133949220101,144.96138904134529,'on_time','qr_scan',NULL),('stu-023',171,'2025-08-20 20:30:05',964,-37.81543692868505,144.95890000437870,'on_time','geofence','Online session - geofence verification'),('stu-023',172,'2025-08-20 20:23:05',825,-37.81224413642664,144.96547438732514,'late','geofence','Online session - geofence verification'),('stu-023',175,'2025-08-18 20:31:05',789,-37.80948836556384,144.96694949424196,'very_late','geofence','Online session - geofence verification'),('stu-023',176,'2025-08-18 20:29:05',904,-37.81044115410023,144.96723603127853,'on_time','qr_scan',NULL),('stu-023',179,'2025-08-27 20:25:05',838,-37.81822609813514,144.96290370254704,'late','facial_recognition','Online session - facial recognition'),('stu-023',180,'2025-08-27 20:20:05',826,-37.81823054803166,144.96041374440930,'late','facial_recognition','Online session - facial recognition'),('stu-023',183,'2025-08-25 20:31:05',790,-37.81310828049752,144.95978695549638,'very_late','facial_recognition','Online session - facial recognition'),('stu-023',183,'2025-08-25 20:29:05',917,-37.81851518997579,144.96670819106790,'on_time','manual_entry','Manual entry - technical issues with QR code'),('stu-023',187,'2025-09-03 20:16:05',839,-37.81716600232289,144.96104404676458,'on_time','qr_scan',NULL),('stu-023',188,'2025-09-03 20:18:05',827,-37.81420939717629,144.96260195881027,'on_time','qr_scan',NULL),('stu-023',188,'2025-09-03 20:32:05',954,-37.81289132557874,144.96500992966938,'on_time','qr_scan',NULL),('stu-023',191,'2025-09-01 20:23:05',791,-37.81175923863385,144.96763408895018,'late','qr_scan',NULL),('stu-023',192,'2025-09-01 20:34:05',906,-37.81340916609504,144.96606689336000,'on_time','manual_entry','Manual entry - technical issues with QR code'),('stu-023',195,'2025-09-10 20:33:05',840,-37.81487964483227,144.96683643301310,'very_late','geofence','Online session - geofence verification'),('stu-023',196,'2025-09-10 20:20:05',828,-37.81789616446542,144.96234985521870,'late','geofence','Online session - geofence verification'),('stu-023',199,'2025-09-08 20:19:05',792,-37.80983827724833,144.96342467755986,'on_time','qr_scan',NULL),('stu-023',199,'2025-09-08 20:33:05',919,-37.80914347941702,144.96058854578703,'on_time','geofence','Online session - geofence verification'),('stu-023',200,'2025-09-08 20:14:05',780,-37.81011270779922,144.96017345315448,'on_time','geofence','Online session - geofence verification'),('stu-023',203,'2025-09-17 20:30:05',841,-37.81771652413115,144.95812777343620,'very_late','qr_scan',NULL),('stu-023',203,'2025-09-17 20:31:05',968,-37.80897969593926,144.95875623442703,'on_time','qr_scan',NULL),('stu-023',208,'2025-09-15 20:30:05',781,-37.81263876925264,144.96353644596397,'very_late','qr_scan',NULL),('stu-023',212,'2025-09-24 20:16:05',830,-37.80941158297212,144.96010559385310,'on_time','manual_entry','Manual entry - technical issues with QR code'),('stu-023',215,'2025-09-22 20:14:05',794,-37.81614876558441,144.95913921308278,'on_time','qr_scan',NULL),('stu-023',216,'2025-09-22 20:17:05',782,-37.81538262610620,144.95910295774732,'on_time','facial_recognition','Online session - facial recognition'),('stu-024',127,'2025-07-07 20:21:05',783,-37.81373202650019,144.96121330560885,'late','geofence','Online session - geofence verification'),('stu-024',127,'2025-07-07 20:29:05',910,-37.80903883515563,144.96312390640324,'on_time','geofence','Online session - geofence verification'),('stu-024',128,'2025-07-07 20:26:05',771,-37.81614455107967,144.96206048219312,'late','geofence','Online session - geofence verification'),('stu-024',129,'2025-07-17 20:16:05',856,-37.81091952607848,144.96229947436470,'on_time','qr_scan',NULL),('stu-024',130,'2025-07-17 20:26:05',844,-37.81678596255797,144.95820238477970,'late','qr_scan',NULL),('stu-024',130,'2025-07-17 20:38:05',971,-37.81383800731193,144.96301308842310,'late','manual_entry','Manual entry - technical issues with QR code'),('stu-024',136,'2025-07-14 20:29:05',772,-37.81714595932043,144.96221635228815,'late','qr_scan',NULL),('stu-024',137,'2025-07-24 20:30:05',857,-37.81112588467908,144.96021964272160,'very_late','qr_scan',NULL),('stu-024',138,'2025-07-24 20:16:05',845,-37.81036256420255,144.96509210531730,'on_time','qr_scan',NULL),('stu-024',143,'2025-07-21 20:30:05',912,-37.81357557115273,144.96009776456876,'on_time','manual_entry','Manual entry - technical issues with QR code'),('stu-024',144,'2025-07-21 20:30:05',773,-37.81785978080301,144.96645053178327,'very_late','qr_scan',NULL),('stu-024',146,'2025-07-31 20:29:05',846,-37.80931671952560,144.96059193232740,'late','qr_scan',NULL),('stu-024',151,'2025-07-28 20:26:05',786,-37.81556273180373,144.96462559389968,'late','facial_recognition','Online session - facial recognition'),('stu-024',152,'2025-07-28 20:19:05',774,-37.81234906922109,144.96140487341927,'on_time','facial_recognition','Online session - facial recognition'),('stu-024',154,'2025-08-07 20:25:05',847,-37.81345582703246,144.96667624134847,'late','qr_scan',NULL),('stu-024',159,'2025-08-04 20:25:05',787,-37.80939711161629,144.96663632144492,'late','qr_scan',NULL),('stu-024',160,'2025-08-04 20:16:05',775,-37.81311233918267,144.96234403007537,'on_time','qr_scan',NULL),('stu-024',167,'2025-08-11 20:25:05',788,-37.81734180986429,144.96758585738380,'late','qr_scan',NULL),('stu-024',169,'2025-08-21 20:31:05',861,-37.81064108255174,144.96115618221225,'very_late','qr_scan',NULL),('stu-024',170,'2025-08-21 20:24:05',849,-37.81782602472755,144.96654879831040,'late','qr_scan',NULL),('stu-024',175,'2025-08-18 20:30:05',789,-37.80926591119456,144.96072736846006,'very_late','geofence','Online session - geofence verification'),('stu-024',176,'2025-08-18 20:32:05',777,-37.80999027585405,144.96397198113638,'very_late','geofence','Online session - geofence verification'),('stu-024',176,'2025-08-18 20:37:05',904,-37.80916084931881,144.95946574928774,'late','qr_scan',NULL),('stu-024',177,'2025-08-28 20:25:05',862,-37.81154762499905,144.96650073142052,'late','qr_scan',NULL),('stu-024',177,'2025-08-28 20:38:05',989,-37.81316353157253,144.96682007223657,'late','qr_scan',NULL),('stu-024',178,'2025-08-28 20:26:05',850,-37.80928551747192,144.96645605914551,'late','qr_scan',NULL),('stu-024',184,'2025-08-25 20:19:05',778,-37.80889050427516,144.95810188187696,'on_time','facial_recognition','Online session - facial recognition'),('stu-024',191,'2025-09-01 20:28:05',791,-37.81435179129444,144.96792542906870,'late','qr_scan',NULL),('stu-024',191,'2025-09-01 20:34:05',918,-37.81777082081472,144.96695744070527,'on_time','qr_scan',NULL),('stu-024',193,'2025-09-11 20:28:05',864,-37.81719878503587,144.96268929617386,'late','geofence','Online session - geofence verification'),('stu-024',194,'2025-09-11 20:27:05',852,-37.81385569536281,144.96225208635306,'late','geofence','Online session - geofence verification'),('stu-024',194,'2025-09-11 20:33:05',979,-37.81286721612389,144.96414016396778,'on_time','geofence','Online session - geofence verification'),('stu-024',200,'2025-09-08 20:30:05',780,-37.81178322697020,144.96726410076354,'very_late','geofence','Online session - geofence verification'),('stu-024',207,'2025-09-15 20:30:05',793,-37.81657599987870,144.96344474257876,'very_late','qr_scan',NULL),('stu-024',207,'2025-09-15 20:36:05',920,-37.81056765319627,144.96429539963657,'late','qr_scan',NULL),('stu-024',208,'2025-09-15 20:14:05',781,-37.81557885414304,144.96265567406914,'on_time','qr_scan',NULL),('stu-024',209,'2025-09-25 20:22:05',866,-37.81135243506092,144.96127265068475,'late','facial_recognition','Online session - facial recognition'),('stu-024',210,'2025-09-25 20:19:05',854,-37.81068808086076,144.95914549193853,'on_time','qr_scan',NULL),('stu-024',215,'2025-09-22 20:26:05',794,-37.81165621995876,144.96453638021913,'late','qr_scan',NULL),('stu-024',216,'2025-09-22 20:21:05',782,-37.81566568238984,144.96135819672390,'late','manual_entry','Manual entry - technical issues with QR code'),('stu-025',125,'2025-07-08 20:36:05',934,-37.81731604610115,144.96215658616130,'late','geofence','Online session - geofence verification'),('stu-025',126,'2025-07-08 20:29:05',922,-37.81421907587165,144.95987439483980,'on_time','geofence','Online session - geofence verification'),('stu-025',128,'2025-07-07 20:33:05',898,-37.81803664535828,144.96710909090322,'on_time','geofence','Online session - geofence verification'),('stu-025',134,'2025-07-15 20:24:05',796,-37.81312375539068,144.95960701637520,'late','qr_scan',NULL),('stu-025',135,'2025-07-14 20:23:05',784,-37.80860284498558,144.96403465396756,'late','qr_scan',NULL),('stu-025',136,'2025-07-14 20:31:05',772,-37.81351320887107,144.96728652998206,'very_late','qr_scan',NULL),('stu-025',136,'2025-07-14 20:33:05',899,-37.80971625411652,144.95981507678155,'on_time','qr_scan',NULL),('stu-025',141,'2025-07-22 20:16:05',809,-37.80938595281652,144.96034478473163,'on_time','qr_scan',NULL),('stu-025',141,'2025-07-22 20:38:05',936,-37.81563682564855,144.96515046423437,'late','qr_scan',NULL),('stu-025',143,'2025-07-21 20:22:05',785,-37.81589077292354,144.95879447744701,'late','qr_scan',NULL),('stu-025',144,'2025-07-21 20:19:05',773,-37.81415393898445,144.96250506602115,'on_time','qr_scan',NULL),('stu-025',149,'2025-07-29 20:24:05',810,-37.81050391653395,144.96282264459796,'late','facial_recognition','Online session - facial recognition'),('stu-025',150,'2025-07-29 20:22:05',798,-37.81736483598609,144.96113708982938,'late','geofence','Online session - geofence verification'),('stu-025',152,'2025-07-28 20:31:05',774,-37.81719844797161,144.95827799429610,'very_late','facial_recognition','Online session - facial recognition'),('stu-025',157,'2025-08-05 20:27:05',811,-37.81023177980262,144.95949082595834,'late','qr_scan',NULL),('stu-025',157,'2025-08-05 20:35:05',938,-37.81630731523420,144.95901878575359,'late','qr_scan',NULL),('stu-025',158,'2025-08-05 20:14:05',799,-37.81509534112448,144.96478934208963,'on_time','qr_scan',NULL),('stu-025',159,'2025-08-04 20:33:05',787,-37.81504008745108,144.96663231942145,'very_late','qr_scan',NULL),('stu-025',160,'2025-08-04 20:16:05',775,-37.81760274817739,144.95992500569320,'on_time','qr_scan',NULL),('stu-025',160,'2025-08-04 20:31:05',902,-37.81742025835926,144.96720462805916,'on_time','qr_scan',NULL),('stu-025',166,'2025-08-12 20:22:05',800,-37.81697267805671,144.96319683421356,'late','qr_scan',NULL),('stu-025',174,'2025-08-19 20:20:05',801,-37.80866782135933,144.95817493915973,'late','geofence','Online session - geofence verification'),('stu-025',174,'2025-08-19 20:38:05',928,-37.81720612135251,144.96743898573680,'late','geofence','Online session - geofence verification'),('stu-025',175,'2025-08-18 20:29:05',789,-37.81504984884789,144.96247842841670,'late','geofence','Online session - geofence verification'),('stu-025',181,'2025-08-26 20:33:05',814,-37.80916463676557,144.96667217738272,'very_late','qr_scan',NULL),('stu-025',183,'2025-08-25 20:29:05',790,-37.81377522238677,144.95880200758120,'late','qr_scan',NULL),('stu-025',191,'2025-09-01 20:18:05',791,-37.81556600443401,144.96596104582050,'on_time','qr_scan',NULL),('stu-025',191,'2025-09-01 20:31:05',918,-37.81186895062185,144.96447721845541,'on_time','qr_scan',NULL),('stu-025',197,'2025-09-09 20:24:05',816,-37.81103875001784,144.95961456712885,'late','geofence','Online session - geofence verification'),('stu-025',198,'2025-09-09 20:34:05',931,-37.81784282412906,144.96642275071957,'on_time','qr_scan',NULL),('stu-025',199,'2025-09-08 20:29:05',792,-37.81789782444546,144.95889885253757,'late','geofence','Online session - geofence verification'),('stu-025',200,'2025-09-08 20:32:05',780,-37.81791743882533,144.96343693659617,'very_late','geofence','Online session - geofence verification'),('stu-025',206,'2025-09-16 20:20:05',805,-37.81162461054458,144.96279354626228,'late','qr_scan',NULL),('stu-025',216,'2025-09-22 20:29:05',782,-37.81273626489615,144.96442197897540,'late','qr_scan',NULL),('stu-026',123,'2025-07-09 20:26:05',831,-37.81166968431275,144.96397823154953,'late','geofence','Online session - geofence verification'),('stu-026',124,'2025-07-09 20:27:05',819,-37.81007097765605,144.96078840757448,'late','geofence','Online session - geofence verification'),('stu-026',124,'2025-07-09 20:36:05',946,-37.81539504118562,144.96089856682084,'late','geofence','Online session - geofence verification'),('stu-026',127,'2025-07-07 20:22:05',783,-37.81263041562441,144.96451455080958,'late','qr_scan',NULL),('stu-026',131,'2025-07-16 20:32:05',832,-37.81514851591825,144.96704428979507,'very_late','qr_scan',NULL),('stu-026',132,'2025-07-16 20:18:05',820,-37.80950746820058,144.96742503995424,'on_time','manual_entry','Manual entry - technical issues with QR code'),('stu-026',135,'2025-07-14 20:15:05',784,-37.81462009542847,144.96618433142310,'on_time','qr_scan',NULL),('stu-026',136,'2025-07-14 20:33:05',899,-37.81199492545780,144.96769886466114,'on_time','qr_scan',NULL),('stu-026',140,'2025-07-23 20:16:05',821,-37.81003860786356,144.96650315591395,'on_time','qr_scan',NULL),('stu-026',143,'2025-07-21 20:23:05',785,-37.81143362097371,144.96001159684388,'late','qr_scan',NULL),('stu-026',144,'2025-07-21 20:14:05',773,-37.81355874640994,144.96264465102828,'on_time','qr_scan',NULL),('stu-026',147,'2025-07-30 20:32:05',834,-37.81103588214968,144.96785349959893,'very_late','facial_recognition','Online session - facial recognition'),('stu-026',148,'2025-07-30 20:20:05',822,-37.80929717954909,144.96459272493692,'late','geofence','Online session - geofence verification'),('stu-026',151,'2025-07-28 20:32:05',786,-37.81525349316472,144.96641735011966,'very_late','geofence','Online session - geofence verification'),('stu-026',152,'2025-07-28 20:19:05',774,-37.81419296713732,144.96145737682260,'on_time','facial_recognition','Online session - facial recognition'),('stu-026',155,'2025-08-06 20:33:05',835,-37.81258017198218,144.95918678365229,'very_late','qr_scan',NULL),('stu-026',160,'2025-08-04 20:24:05',775,-37.81104307083305,144.96031059687640,'late','qr_scan',NULL),('stu-026',160,'2025-08-04 20:31:05',902,-37.81152327406157,144.96566654639503,'on_time','qr_scan',NULL),('stu-026',163,'2025-08-13 20:20:05',836,-37.81823402249816,144.96081140980786,'late','qr_scan',NULL),('stu-026',167,'2025-08-11 20:30:05',788,-37.81746848090111,144.95940986247334,'very_late','qr_scan',NULL),('stu-026',168,'2025-08-11 20:33:05',776,-37.81190792269977,144.96235392412976,'very_late','qr_scan',NULL),('stu-026',168,'2025-08-11 20:31:05',903,-37.81252881580995,144.96149984376300,'on_time','qr_scan',NULL),('stu-026',171,'2025-08-20 20:20:05',837,-37.81533457832703,144.96407322530670,'late','geofence','Online session - geofence verification'),('stu-026',172,'2025-08-20 20:27:05',825,-37.81752019134846,144.96280333537524,'late','geofence','Online session - geofence verification'),('stu-026',179,'2025-08-27 20:35:05',965,-37.81185912077284,144.96314792902157,'late','facial_recognition','Online session - facial recognition'),('stu-026',183,'2025-08-25 20:20:05',790,-37.81034459365359,144.96015951874335,'late','facial_recognition','Online session - facial recognition'),('stu-026',184,'2025-08-25 20:32:05',778,-37.81503655609939,144.96786101257817,'very_late','manual_entry','Manual entry - technical issues with QR code'),('stu-026',184,'2025-08-25 20:31:05',905,-37.81773781550633,144.96402275085478,'on_time','qr_scan',NULL),('stu-026',188,'2025-09-03 20:20:05',827,-37.81069369078474,144.96807938644140,'late','qr_scan',NULL),('stu-026',191,'2025-09-01 20:38:05',918,-37.81701349708700,144.96803331329892,'late','qr_scan',NULL),('stu-026',192,'2025-09-01 20:23:05',779,-37.80926388864132,144.96093992287967,'late','qr_scan',NULL),('stu-026',196,'2025-09-10 20:19:05',828,-37.81131689090200,144.96569769488832,'on_time','geofence','Online session - geofence verification'),('stu-026',196,'2025-09-10 20:33:05',955,-37.81756509230972,144.95998433322300,'on_time','qr_scan',NULL),('stu-026',200,'2025-09-08 20:28:05',780,-37.81664005228732,144.96637717085207,'late','geofence','Online session - geofence verification'),('stu-026',203,'2025-09-17 20:28:05',841,-37.81427092230140,144.96766875057850,'late','qr_scan',NULL),('stu-026',204,'2025-09-17 20:30:05',829,-37.81573643425809,144.96802132742883,'very_late','qr_scan',NULL),('stu-026',207,'2025-09-15 20:22:05',793,-37.80944028204981,144.96139895330900,'late','qr_scan',NULL),('stu-026',208,'2025-09-15 20:20:05',781,-37.81635583714969,144.95914055871353,'late','qr_scan',NULL),('stu-026',211,'2025-09-24 20:15:05',842,-37.81849199819965,144.96707403610773,'on_time','facial_recognition','Online session - facial recognition'),('stu-026',215,'2025-09-22 20:20:05',794,-37.81509776433268,144.96611123854518,'late','manual_entry','Manual entry - technical issues with QR code'),('stu-026',215,'2025-09-22 20:33:05',921,-37.81707472297817,144.96227076159656,'on_time','facial_recognition','Online session - facial recognition'),('stu-026',216,'2025-09-22 20:16:05',782,-37.81501850558708,144.96262493413772,'on_time','qr_scan',NULL),('stu-027',123,'2025-07-09 20:24:05',831,-37.81756882954889,144.96715677068892,'late','manual_entry','Manual entry - technical issues with QR code'),('stu-027',123,'2025-07-09 20:29:05',958,-37.81779622292667,144.96035939947390,'on_time','geofence','Online session - geofence verification'),('stu-027',124,'2025-07-09 20:16:05',819,-37.81611674651869,144.96688736774323,'on_time','manual_entry','Manual entry - technical issues with QR code'),('stu-027',127,'2025-07-07 20:17:05',783,-37.81321023327393,144.96031977187528,'on_time','manual_entry','Manual entry - technical issues with QR code'),('stu-027',128,'2025-07-07 20:14:05',771,-37.81098700185194,144.96606205356528,'on_time','geofence','Online session - geofence verification'),('stu-027',131,'2025-07-16 20:24:05',832,-37.81669041025871,144.96264160068606,'late','qr_scan',NULL),('stu-027',132,'2025-07-16 20:31:05',820,-37.81282829450502,144.96066981624530,'very_late','qr_scan',NULL),('stu-027',135,'2025-07-14 20:30:05',784,-37.81326220791886,144.96031878697372,'very_late','qr_scan',NULL),('stu-027',136,'2025-07-14 20:27:05',772,-37.81104467127365,144.96490021675936,'late','manual_entry','Manual entry - technical issues with QR code'),('stu-027',140,'2025-07-23 20:26:05',821,-37.81535206057425,144.96499404772305,'late','qr_scan',NULL),('stu-027',143,'2025-07-21 20:23:05',785,-37.80997930696027,144.96752512446028,'late','qr_scan',NULL),('stu-027',144,'2025-07-21 20:22:05',773,-37.80958088065254,144.96010503519923,'late','qr_scan',NULL),('stu-027',147,'2025-07-30 20:16:05',834,-37.81124930761666,144.96150778642652,'on_time','geofence','Online session - geofence verification'),('stu-027',148,'2025-07-30 20:20:05',822,-37.81577727214766,144.96232070849150,'late','geofence','Online session - geofence verification'),('stu-027',152,'2025-07-28 20:32:05',901,-37.81575459233817,144.96305254128700,'on_time','qr_scan',NULL),('stu-027',155,'2025-08-06 20:21:05',835,-37.81266419360458,144.96694356650417,'late','qr_scan',NULL),('stu-027',155,'2025-08-06 20:37:05',962,-37.81213050221086,144.96538249073706,'late','qr_scan',NULL),('stu-027',156,'2025-08-06 20:30:05',823,-37.80970839926741,144.96742471490400,'very_late','qr_scan',NULL),('stu-027',159,'2025-08-04 20:25:05',787,-37.81345639526961,144.96696964771792,'late','qr_scan',NULL),('stu-027',160,'2025-08-04 20:24:05',775,-37.81735061315368,144.95850934767610,'late','qr_scan',NULL),('stu-027',164,'2025-08-13 20:28:05',824,-37.81214359474363,144.95921535183257,'late','qr_scan',NULL),('stu-027',167,'2025-08-11 20:32:05',915,-37.81212497945868,144.96014237800281,'on_time','qr_scan',NULL),('stu-027',171,'2025-08-20 20:36:05',964,-37.81287349606927,144.96501936657478,'late','geofence','Online session - geofence verification'),('stu-027',172,'2025-08-20 20:30:05',952,-37.81191170369248,144.96664238759590,'on_time','geofence','Online session - geofence verification'),('stu-027',175,'2025-08-18 20:36:05',916,-37.81352914613795,144.95954849962690,'late','manual_entry','Manual entry - technical issues with QR code'),('stu-027',176,'2025-08-18 20:29:05',777,-37.81804456354664,144.96727035961447,'late','manual_entry','Manual entry - technical issues with QR code'),('stu-027',180,'2025-08-27 20:24:05',826,-37.81757230977097,144.96697275871716,'late','facial_recognition','Online session - facial recognition'),('stu-027',183,'2025-08-25 20:16:05',790,-37.81780252963826,144.96765239511052,'on_time','facial_recognition','Online session - facial recognition'),('stu-027',184,'2025-08-25 20:16:05',778,-37.81649109390964,144.96477267059598,'on_time','manual_entry','Manual entry - technical issues with QR code'),('stu-027',188,'2025-09-03 20:15:05',827,-37.81237468766997,144.96637096598062,'on_time','qr_scan',NULL),('stu-027',191,'2025-09-01 20:27:05',791,-37.81812095791653,144.96082824812933,'late','manual_entry','Manual entry - technical issues with QR code'),('stu-027',192,'2025-09-01 20:18:05',779,-37.81499066749848,144.95883675836504,'on_time','qr_scan',NULL),('stu-027',195,'2025-09-10 20:22:05',840,-37.81570008264249,144.95934647575547,'late','geofence','Online session - geofence verification'),('stu-027',195,'2025-09-10 20:33:05',967,-37.81256980750744,144.96526035176734,'on_time','manual_entry','Manual entry - technical issues with QR code'),('stu-027',196,'2025-09-10 20:29:05',828,-37.81750417747097,144.95987115420044,'late','manual_entry','Manual entry - technical issues with QR code'),('stu-027',199,'2025-09-08 20:33:05',792,-37.81198930737543,144.96251122420543,'very_late','geofence','Online session - geofence verification'),('stu-027',200,'2025-09-08 20:19:05',780,-37.81162530948355,144.96487781819064,'on_time','geofence','Online session - geofence verification'),('stu-027',203,'2025-09-17 20:25:05',841,-37.81528781454367,144.96793188031225,'late','qr_scan',NULL),('stu-027',203,'2025-09-17 20:36:05',968,-37.81198673885296,144.95895967254904,'late','qr_scan',NULL),('stu-027',207,'2025-09-15 20:24:05',793,-37.80974081175173,144.96685232538093,'late','qr_scan',NULL),('stu-027',208,'2025-09-15 20:32:05',781,-37.81786166173002,144.96410213929640,'very_late','qr_scan',NULL),('stu-027',211,'2025-09-24 20:25:05',842,-37.81319467998203,144.96770029276982,'late','facial_recognition','Online session - facial recognition'),('stu-027',211,'2025-09-24 20:31:05',969,-37.81835776056737,144.96189170399512,'on_time','qr_scan',NULL),('stu-027',212,'2025-09-24 20:22:05',830,-37.81701092923508,144.96375765170907,'late','facial_recognition','Online session - facial recognition'),('stu-027',215,'2025-09-22 20:21:05',794,-37.80867988364443,144.96655943759984,'late','facial_recognition','Online session - facial recognition'),('stu-028',121,'2025-07-10 20:22:05',855,-37.80987166792869,144.95888556261100,'late','geofence','Online session - geofence verification'),('stu-028',125,'2025-07-08 20:27:05',807,-37.81197623747380,144.96169077896326,'late','qr_scan',NULL),('stu-028',126,'2025-07-08 20:29:05',795,-37.81782068928296,144.95909602840000,'late','geofence','Online session - geofence verification'),('stu-028',127,'2025-07-07 20:29:05',783,-37.81344626716454,144.95990321785789,'late','geofence','Online session - geofence verification'),('stu-028',128,'2025-07-07 20:15:05',771,-37.81466278046599,144.96487547380028,'on_time','geofence','Online session - geofence verification'),('stu-028',129,'2025-07-17 20:28:05',856,-37.81656120556813,144.96674998533265,'late','qr_scan',NULL),('stu-028',130,'2025-07-17 20:24:05',844,-37.81859990849756,144.96297474171900,'late','qr_scan',NULL),('stu-028',130,'2025-07-17 20:35:05',971,-37.81614810861084,144.96038528675837,'late','qr_scan',NULL),('stu-028',135,'2025-07-14 20:31:05',784,-37.81010950624748,144.96431316692440,'very_late','qr_scan',NULL),('stu-028',137,'2025-07-24 20:23:05',857,-37.81052554402345,144.96491104447395,'late','qr_scan',NULL),('stu-028',142,'2025-07-22 20:16:05',797,-37.81662325939576,144.96355535360970,'on_time','qr_scan',NULL),('stu-028',145,'2025-07-31 20:26:05',858,-37.81442321519575,144.95954019075802,'late','manual_entry','Manual entry - technical issues with QR code'),('stu-028',145,'2025-07-31 20:38:05',985,-37.81540248247162,144.96675627251440,'late','geofence','Online session - geofence verification'),('stu-028',146,'2025-07-31 20:25:05',846,-37.81456293160316,144.96156542449990,'late','facial_recognition','Online session - facial recognition'),('stu-028',149,'2025-07-29 20:18:05',810,-37.81429026334741,144.96227789054493,'on_time','qr_scan',NULL),('stu-028',152,'2025-07-28 20:30:05',774,-37.81143720761802,144.95965404877063,'very_late','facial_recognition','Online session - facial recognition'),('stu-028',153,'2025-08-07 20:30:05',859,-37.81055841659043,144.96301352408650,'very_late','qr_scan',NULL),('stu-028',154,'2025-08-07 20:17:05',847,-37.81337247914744,144.95969345357827,'on_time','qr_scan',NULL),('stu-028',159,'2025-08-04 20:29:05',787,-37.81546137039854,144.95985860626786,'late','qr_scan',NULL),('stu-028',159,'2025-08-04 20:33:05',914,-37.81842352475619,144.96454430556003,'on_time','qr_scan',NULL),('stu-028',160,'2025-08-04 20:14:05',775,-37.81217149402012,144.95944798613502,'on_time','qr_scan',NULL),('stu-028',160,'2025-08-04 20:30:05',902,-37.81074937908775,144.96207909228130,'on_time','qr_scan',NULL),('stu-028',161,'2025-08-14 20:25:05',860,-37.81355514227539,144.96592267774253,'late','qr_scan',NULL),('stu-028',161,'2025-08-14 20:36:05',987,-37.81236170949430,144.96644923940556,'late','qr_scan',NULL),('stu-028',162,'2025-08-14 20:26:05',848,-37.81430296922299,144.96112805838456,'late','qr_scan',NULL),('stu-028',165,'2025-08-12 20:29:05',812,-37.81484121618107,144.96397616448837,'late','manual_entry','Manual entry - technical issues with QR code'),('stu-028',167,'2025-08-11 20:36:05',915,-37.81192543685411,144.96805178667825,'late','qr_scan',NULL),('stu-028',170,'2025-08-21 20:22:05',849,-37.81704651988563,144.96307559411915,'late','manual_entry','Manual entry - technical issues with QR code'),('stu-028',176,'2025-08-18 20:20:05',777,-37.81407463394280,144.96047773090822,'late','qr_scan',NULL),('stu-028',181,'2025-08-26 20:28:05',814,-37.81697711350842,144.96504206552294,'late','manual_entry','Manual entry - technical issues with QR code'),('stu-028',182,'2025-08-26 20:31:05',929,-37.81038194310682,144.96119427150813,'on_time','qr_scan',NULL),('stu-028',183,'2025-08-25 20:30:05',790,-37.81375549976859,144.96775058491534,'very_late','facial_recognition','Online session - facial recognition'),('stu-028',184,'2025-08-25 20:24:05',778,-37.81388408674084,144.96618407580300,'late','qr_scan',NULL),('stu-028',185,'2025-09-04 20:30:05',863,-37.80953004197900,144.95843651083740,'very_late','qr_scan',NULL),('stu-028',185,'2025-09-04 20:33:05',990,-37.80967941003617,144.96779590413357,'on_time','qr_scan',NULL),('stu-028',186,'2025-09-04 20:17:05',851,-37.80942593357268,144.95918515747923,'on_time','qr_scan',NULL),('stu-028',189,'2025-09-02 20:29:05',815,-37.81156206922547,144.95931930816323,'late','qr_scan',NULL),('stu-028',193,'2025-09-11 20:33:05',864,-37.81509704251112,144.96577590813120,'very_late','geofence','Online session - geofence verification'),('stu-028',194,'2025-09-11 20:14:05',852,-37.81727589390714,144.96417653461032,'on_time','geofence','Online session - geofence verification'),('stu-028',197,'2025-09-09 20:33:05',816,-37.81375861297507,144.96260174859214,'very_late','geofence','Online session - geofence verification'),('stu-028',198,'2025-09-09 20:30:05',804,-37.81313512401743,144.96113362614759,'very_late','qr_scan',NULL),('stu-028',205,'2025-09-16 20:24:05',817,-37.81309550387869,144.95956606778861,'late','qr_scan',NULL),('stu-028',207,'2025-09-15 20:33:05',793,-37.81183550459299,144.96293246784177,'very_late','qr_scan',NULL),('stu-028',208,'2025-09-15 20:15:05',781,-37.81712708405678,144.96254860307914,'on_time','qr_scan',NULL),('stu-028',209,'2025-09-25 20:16:05',866,-37.81553746232142,144.96015816023242,'on_time','facial_recognition','Online session - facial recognition'),('stu-028',210,'2025-09-25 20:33:05',981,-37.81752347867501,144.95896996384977,'on_time','qr_scan',NULL),('stu-028',213,'2025-09-23 20:31:05',818,-37.80952387074691,144.96688547270668,'very_late','qr_scan',NULL),('stu-028',216,'2025-09-22 20:20:05',782,-37.80862780755053,144.96749060124512,'late','qr_scan',NULL),('stu-029',124,'2025-07-09 20:26:05',819,-37.81769478555349,144.96440620261310,'late','geofence','Online session - geofence verification'),('stu-029',127,'2025-07-07 20:32:05',910,-37.81471091773595,144.95826485795394,'on_time','geofence','Online session - geofence verification'),('stu-029',131,'2025-07-16 20:16:05',832,-37.81318084914329,144.96138164213642,'on_time','qr_scan',NULL),('stu-029',132,'2025-07-16 20:33:05',820,-37.81540001076013,144.96421881605920,'very_late','qr_scan',NULL),('stu-029',132,'2025-07-16 20:37:05',947,-37.81740507923551,144.95868639674500,'late','qr_scan',NULL),('stu-029',135,'2025-07-14 20:32:05',784,-37.80872172124360,144.95949459041077,'very_late','qr_scan',NULL),('stu-029',136,'2025-07-14 20:28:05',772,-37.81057999462670,144.96609331275560,'late','qr_scan',NULL),('stu-029',140,'2025-07-23 20:19:05',821,-37.81802945980414,144.96210282019192,'on_time','qr_scan',NULL),('stu-029',143,'2025-07-21 20:26:05',785,-37.81062157425883,144.95872885387860,'late','qr_scan',NULL),('stu-029',143,'2025-07-21 20:29:05',912,-37.81143747572716,144.96365021118890,'on_time','qr_scan',NULL),('stu-029',144,'2025-07-21 20:24:05',773,-37.80898957973979,144.96050267480948,'late','qr_scan',NULL),('stu-029',147,'2025-07-30 20:23:05',834,-37.81000597817619,144.96693735699472,'late','qr_scan',NULL),('stu-029',148,'2025-07-30 20:30:05',949,-37.81353305487087,144.96789822166244,'on_time','facial_recognition','Online session - facial recognition'),('stu-029',151,'2025-07-28 20:30:05',786,-37.81622751281041,144.96583707020818,'very_late','geofence','Online session - geofence verification'),('stu-029',152,'2025-07-28 20:27:05',774,-37.81370965539618,144.96231015612240,'late','geofence','Online session - geofence verification'),('stu-029',155,'2025-08-06 20:25:05',835,-37.81022439559738,144.96341391530790,'late','qr_scan',NULL),('stu-029',156,'2025-08-06 20:17:05',823,-37.80959772386346,144.96780222475910,'on_time','qr_scan',NULL),('stu-029',159,'2025-08-04 20:17:05',787,-37.80868194964387,144.96286056494262,'on_time','qr_scan',NULL),('stu-029',159,'2025-08-04 20:38:05',914,-37.81803832928263,144.96352556737122,'late','qr_scan',NULL),('stu-029',160,'2025-08-04 20:20:05',775,-37.81482270323916,144.96730216276237,'late','qr_scan',NULL),('stu-029',163,'2025-08-13 20:20:05',836,-37.81393693880340,144.96112703059560,'late','qr_scan',NULL),('stu-029',163,'2025-08-13 20:30:05',963,-37.81706350243172,144.96191951657480,'on_time','qr_scan',NULL),('stu-029',164,'2025-08-13 20:29:05',824,-37.80876431421988,144.96420343926223,'late','qr_scan',NULL),('stu-029',167,'2025-08-11 20:20:05',788,-37.81161581776050,144.96326837286313,'late','qr_scan',NULL),('stu-029',172,'2025-08-20 20:25:05',825,-37.81268125941091,144.96104520849636,'late','geofence','Online session - geofence verification'),('stu-029',175,'2025-08-18 20:33:05',789,-37.81555897925362,144.96330896440855,'very_late','geofence','Online session - geofence verification'),('stu-029',176,'2025-08-18 20:22:05',777,-37.81138971488848,144.96086265296410,'late','qr_scan',NULL),('stu-029',176,'2025-08-18 20:33:05',904,-37.81372075258896,144.96018284566372,'on_time','geofence','Online session - geofence verification'),('stu-029',180,'2025-08-27 20:32:05',953,-37.81457834416290,144.96641841794616,'on_time','qr_scan',NULL),('stu-029',184,'2025-08-25 20:28:05',778,-37.81186306521266,144.96045176237520,'late','qr_scan',NULL),('stu-029',187,'2025-09-03 20:24:05',839,-37.81659268064833,144.96185911744660,'late','qr_scan',NULL),('stu-029',187,'2025-09-03 20:31:05',966,-37.81014878686327,144.96317497194696,'on_time','qr_scan',NULL),('stu-029',195,'2025-09-10 20:21:05',840,-37.81157934022078,144.96143217489842,'late','qr_scan',NULL),('stu-029',196,'2025-09-10 20:19:05',828,-37.81266462926796,144.96019268501223,'on_time','qr_scan',NULL),('stu-029',199,'2025-09-08 20:19:05',792,-37.81845666017966,144.96053491471040,'on_time','geofence','Online session - geofence verification'),('stu-029',200,'2025-09-08 20:21:05',780,-37.81425911940826,144.95911491537040,'late','geofence','Online session - geofence verification'),('stu-029',203,'2025-09-17 20:27:05',841,-37.81317560184838,144.96536623045958,'late','qr_scan',NULL),('stu-029',204,'2025-09-17 20:21:05',829,-37.81689328025532,144.96604127289945,'late','qr_scan',NULL),('stu-029',208,'2025-09-15 20:25:05',781,-37.81319515112880,144.96779765335293,'late','qr_scan',NULL),('stu-029',215,'2025-09-22 20:31:05',794,-37.81592314520266,144.96472757092772,'very_late','manual_entry','Manual entry - technical issues with QR code'),('stu-029',216,'2025-09-22 20:28:05',782,-37.81465757477326,144.96678109895726,'late','facial_recognition','Online session - facial recognition'),('stu-030',125,'2025-07-08 20:33:05',807,-37.81464431661409,144.95895631380867,'very_late','geofence','Online session - geofence verification'),('stu-030',133,'2025-07-15 20:25:05',808,-37.81556961815187,144.96577997880250,'late','qr_scan',NULL),('stu-030',134,'2025-07-15 20:37:05',923,-37.81062926599610,144.96375745372850,'late','qr_scan',NULL),('stu-030',135,'2025-07-14 20:19:05',784,-37.81808030029375,144.96317807023365,'on_time','qr_scan',NULL),('stu-030',136,'2025-07-14 20:25:05',772,-37.81855563425120,144.96166342344875,'late','qr_scan',NULL),('stu-030',141,'2025-07-22 20:33:05',936,-37.80946478050879,144.96110228674243,'on_time','qr_scan',NULL),('stu-030',143,'2025-07-21 20:22:05',785,-37.81543497184593,144.96144993791148,'late','qr_scan',NULL),('stu-030',144,'2025-07-21 20:35:05',900,-37.81764294216917,144.96214650759327,'late','qr_scan',NULL),('stu-030',149,'2025-07-29 20:28:05',810,-37.81614300869773,144.95858232468822,'late','manual_entry','Manual entry - technical issues with QR code'),('stu-030',150,'2025-07-29 20:28:05',798,-37.81845196595067,144.96783201812220,'late','facial_recognition','Online session - facial recognition'),('stu-030',152,'2025-07-28 20:32:05',774,-37.81139790361672,144.96630567978377,'very_late','facial_recognition','Online session - facial recognition'),('stu-030',157,'2025-08-05 20:33:05',811,-37.81469490148360,144.95814766802310,'very_late','qr_scan',NULL),('stu-030',158,'2025-08-05 20:22:05',799,-37.81148682705992,144.96112580099833,'late','manual_entry','Manual entry - technical issues with QR code'),('stu-030',159,'2025-08-04 20:25:05',787,-37.81093764535034,144.95852674783657,'late','qr_scan',NULL),('stu-030',160,'2025-08-04 20:25:05',775,-37.81369611518597,144.96525503076757,'late','qr_scan',NULL),('stu-030',165,'2025-08-12 20:19:05',812,-37.81844409704790,144.96019792515457,'on_time','qr_scan',NULL),('stu-030',166,'2025-08-12 20:27:05',800,-37.81778152268900,144.96180435495273,'late','manual_entry','Manual entry - technical issues with QR code'),('stu-030',167,'2025-08-11 20:31:05',788,-37.81856059720401,144.96147260056600,'very_late','qr_scan',NULL),('stu-030',168,'2025-08-11 20:33:05',903,-37.81743500187550,144.96077843537282,'on_time','qr_scan',NULL),('stu-030',173,'2025-08-19 20:17:05',813,-37.81271747163545,144.96264286375506,'on_time','geofence','Online session - geofence verification'),('stu-030',173,'2025-08-19 20:36:05',940,-37.81731088276497,144.96240003191744,'late','geofence','Online session - geofence verification'),('stu-030',175,'2025-08-18 20:31:05',789,-37.81445574184158,144.96187556818890,'very_late','geofence','Online session - geofence verification'),('stu-030',181,'2025-08-26 20:30:05',814,-37.81621427515896,144.96488218658715,'very_late','qr_scan',NULL),('stu-030',182,'2025-08-26 20:32:05',802,-37.81789029984333,144.96408082269167,'very_late','facial_recognition','Online session - facial recognition'),('stu-030',182,'2025-08-26 20:33:05',929,-37.81703595307175,144.96151087007280,'on_time','facial_recognition','Online session - facial recognition'),('stu-030',183,'2025-08-25 20:28:05',790,-37.81219329778104,144.95892783053705,'late','facial_recognition','Online session - facial recognition'),('stu-030',183,'2025-08-25 20:38:05',917,-37.81470012575621,144.95926137501890,'late','qr_scan',NULL),('stu-030',189,'2025-09-02 20:16:05',815,-37.81726914700593,144.96098680582577,'on_time','qr_scan',NULL),('stu-030',191,'2025-09-01 20:32:05',791,-37.81466776526763,144.95978158722266,'very_late','qr_scan',NULL),('stu-030',191,'2025-09-01 20:34:05',918,-37.81035306359470,144.96135719634373,'on_time','qr_scan',NULL),('stu-030',192,'2025-09-01 20:35:05',906,-37.80912755215255,144.96657694641770,'late','qr_scan',NULL),('stu-030',197,'2025-09-09 20:26:05',816,-37.81046541878792,144.95951990987717,'late','geofence','Online session - geofence verification'),('stu-030',198,'2025-09-09 20:23:05',804,-37.81108732222476,144.96136347712732,'late','manual_entry','Manual entry - technical issues with QR code'),('stu-030',198,'2025-09-09 20:29:05',931,-37.81039004111494,144.96708663628752,'on_time','qr_scan',NULL),('stu-030',206,'2025-09-16 20:25:05',805,-37.81692553571865,144.95993872332036,'late','qr_scan',NULL),('stu-030',206,'2025-09-16 20:38:05',932,-37.81408980309208,144.96249250179974,'late','qr_scan',NULL),('stu-030',207,'2025-09-15 20:19:05',793,-37.81000180591624,144.96320770059666,'on_time','qr_scan',NULL),('stu-030',213,'2025-09-23 20:28:05',818,-37.81300461496301,144.96466153770774,'late','manual_entry','Manual entry - technical issues with QR code'),('stu-030',214,'2025-09-23 20:17:05',806,-37.81488548578945,144.96179961121464,'on_time','facial_recognition','Online session - facial recognition'),('stu-030',215,'2025-09-22 20:25:05',794,-37.81565316988477,144.96587293000164,'late','facial_recognition','Online session - facial recognition'),('stu-030',215,'2025-09-22 20:38:05',921,-37.81688440002006,144.95960099716288,'late','facial_recognition','Online session - facial recognition'),('student-101',121,'2025-07-10 20:26:05',855,-37.81004146005758,144.96182050537143,'late','qr_scan',NULL),('student-101',122,'2025-07-10 20:33:05',843,-37.81466382434821,144.95879688995433,'very_late','geofence','Online session - geofence verification'),('student-101',125,'2025-07-08 20:33:05',807,-37.81832528303948,144.96096262057057,'very_late','geofence','Online session - geofence verification'),('student-101',125,'2025-07-08 20:32:05',934,-37.81441962648390,144.95935111807253,'on_time','geofence','Online session - geofence verification'),('student-101',127,'2025-07-07 20:31:05',783,-37.81856659571302,144.96216017101747,'very_late','geofence','Online session - geofence verification'),('student-101',128,'2025-07-07 20:32:05',771,-37.81473431623777,144.96024465434863,'very_late','geofence','Online session - geofence verification'),('student-101',128,'2025-07-07 20:31:05',898,-37.81072077791069,144.96036808647835,'on_time','geofence','Online session - geofence verification'),('student-101',129,'2025-07-17 20:33:05',856,-37.81141181729661,144.96488762577175,'very_late','qr_scan',NULL),('student-101',130,'2025-07-17 20:28:05',844,-37.81550556725199,144.96184332267208,'late','qr_scan',NULL),('student-101',133,'2025-07-15 20:21:05',808,-37.80900720713363,144.96555254130797,'late','qr_scan',NULL),('student-101',134,'2025-07-15 20:25:05',796,-37.81560315177162,144.96616417663400,'late','qr_scan',NULL),('student-101',135,'2025-07-14 20:21:05',784,-37.81048349981037,144.96691634708384,'late','manual_entry','Manual entry - technical issues with QR code'),('student-101',136,'2025-07-14 20:29:05',772,-37.81300290318281,144.96289598993883,'late','qr_scan',NULL),('student-101',137,'2025-07-24 20:31:05',857,-37.81446486082139,144.96259727433220,'very_late','qr_scan',NULL),('student-101',137,'2025-07-24 20:29:05',984,-37.81628816585437,144.96777826718434,'on_time','qr_scan',NULL),('student-101',141,'2025-07-22 20:18:05',809,-37.81341460293272,144.96768634838423,'on_time','manual_entry','Manual entry - technical issues with QR code'),('student-101',143,'2025-07-21 20:26:05',785,-37.80924774797359,144.96619161968350,'late','qr_scan',NULL),('student-101',144,'2025-07-21 20:21:05',773,-37.81487573928449,144.96482216889143,'late','qr_scan',NULL),('student-101',145,'2025-07-31 20:32:05',858,-37.81744966646214,144.96675438862580,'very_late','geofence','Online session - geofence verification'),('student-101',146,'2025-07-31 20:25:05',846,-37.81583117809485,144.96489416516496,'late','qr_scan',NULL),('student-101',149,'2025-07-29 20:21:05',810,-37.81494057196448,144.96512831413320,'late','facial_recognition','Online session - facial recognition'),('student-101',149,'2025-07-29 20:37:05',937,-37.81087604355875,144.96224448676085,'late','qr_scan',NULL),('student-101',150,'2025-07-29 20:17:05',798,-37.81382851704176,144.96630574572143,'on_time','facial_recognition','Online session - facial recognition'),('student-101',151,'2025-07-28 20:30:05',786,-37.81029709609048,144.96430194824990,'very_late','facial_recognition','Online session - facial recognition'),('student-101',152,'2025-07-28 20:18:05',774,-37.81439877323080,144.96162560013860,'on_time','manual_entry','Manual entry - technical issues with QR code'),('student-101',154,'2025-08-07 20:27:05',847,-37.81223827772777,144.95997910833572,'late','qr_scan',NULL),('student-101',157,'2025-08-05 20:18:05',811,-37.81180803128482,144.96464318206623,'on_time','qr_scan',NULL),('student-101',158,'2025-08-05 20:33:05',799,-37.81061831059719,144.95839835820226,'very_late','manual_entry','Manual entry - technical issues with QR code'),('student-101',159,'2025-08-04 20:22:05',787,-37.81377435379808,144.95886882780601,'late','qr_scan',NULL),('student-101',159,'2025-08-04 20:37:05',914,-37.80961906181408,144.96792876665873,'late','qr_scan',NULL),('student-101',160,'2025-08-04 20:21:05',775,-37.81252846620076,144.96690044974275,'late','qr_scan',NULL),('student-101',161,'2025-08-14 20:26:05',860,-37.81840621567909,144.95979078298070,'late','qr_scan',NULL),('student-101',162,'2025-08-14 20:18:05',848,-37.81453847614335,144.96192214564255,'on_time','qr_scan',NULL),('student-101',166,'2025-08-12 20:32:05',800,-37.81070577340993,144.95991517983956,'very_late','qr_scan',NULL),('student-101',167,'2025-08-11 20:21:05',788,-37.81080352215898,144.96626387244328,'late','qr_scan',NULL),('student-101',168,'2025-08-11 20:15:05',776,-37.81178338346033,144.95978310113406,'on_time','qr_scan',NULL),('student-101',169,'2025-08-21 20:24:05',861,-37.81691291014172,144.96138914804690,'late','geofence','Online session - geofence verification'),('student-101',169,'2025-08-21 20:34:05',988,-37.81368186701227,144.96602888785520,'on_time','geofence','Online session - geofence verification'),('student-101',173,'2025-08-19 20:17:05',813,-37.81527480672400,144.95961072972594,'on_time','geofence','Online session - geofence verification'),('student-101',174,'2025-08-19 20:33:05',801,-37.81349010745183,144.96371173840947,'very_late','geofence','Online session - geofence verification'),('student-101',175,'2025-08-18 20:15:05',789,-37.81344205190543,144.96119385191005,'on_time','manual_entry','Manual entry - technical issues with QR code'),('student-101',176,'2025-08-18 20:27:05',777,-37.81360615666156,144.96334954849410,'late','qr_scan',NULL),('student-101',177,'2025-08-28 20:19:05',862,-37.81262768647674,144.96012333744804,'on_time','facial_recognition','Online session - facial recognition'),('student-101',177,'2025-08-28 20:38:05',989,-37.81148391926595,144.96488053937550,'late','facial_recognition','Online session - facial recognition'),('student-101',178,'2025-08-28 20:32:05',850,-37.81559929218460,144.96589419765600,'very_late','manual_entry','Manual entry - technical issues with QR code'),('student-101',181,'2025-08-26 20:20:05',814,-37.81175010512541,144.96208277224412,'late','qr_scan',NULL),('student-101',181,'2025-08-26 20:29:05',941,-37.81034321251153,144.96780769504060,'on_time','facial_recognition','Online session - facial recognition'),('student-101',182,'2025-08-26 20:15:05',802,-37.81726204602519,144.96199197404857,'on_time','facial_recognition','Online session - facial recognition'),('student-101',183,'2025-08-25 20:18:05',790,-37.81279843682479,144.96077259505827,'on_time','qr_scan',NULL),('student-101',185,'2025-09-04 20:16:05',863,-37.81524869122826,144.96079493431102,'on_time','qr_scan',NULL),('student-101',185,'2025-09-04 20:38:05',990,-37.81624803631944,144.96135668873570,'late','manual_entry','Manual entry - technical issues with QR code'),('student-101',186,'2025-09-04 20:26:05',851,-37.81099841507040,144.96732051502318,'late','qr_scan',NULL),('student-101',190,'2025-09-02 20:26:05',803,-37.81522725216395,144.96559129660193,'late','qr_scan',NULL),('student-101',190,'2025-09-02 20:36:05',930,-37.80945750792255,144.95990385854262,'late','qr_scan',NULL),('student-101',191,'2025-09-01 20:30:05',791,-37.81837669757771,144.96518231314744,'very_late','qr_scan',NULL),('student-101',191,'2025-09-01 20:36:05',918,-37.81346414148926,144.95991646688080,'late','qr_scan',NULL),('student-101',192,'2025-09-01 20:30:05',779,-37.81640380510520,144.96494925491630,'very_late','manual_entry','Manual entry - technical issues with QR code'),('student-101',193,'2025-09-11 20:26:05',864,-37.81058391319437,144.95920357914220,'late','geofence','Online session - geofence verification'),('student-101',194,'2025-09-11 20:21:05',852,-37.80872020554405,144.96603245695337,'late','geofence','Online session - geofence verification'),('student-101',197,'2025-09-09 20:32:05',816,-37.81059091306142,144.96048753211906,'very_late','qr_scan',NULL),('student-101',198,'2025-09-09 20:32:05',804,-37.81440639746581,144.96174901692947,'very_late','qr_scan',NULL),('student-101',198,'2025-09-09 20:33:05',931,-37.81672683049415,144.96379599715593,'on_time','qr_scan',NULL),('student-101',199,'2025-09-08 20:17:05',792,-37.81357169443869,144.96767209425937,'on_time','qr_scan',NULL),('student-101',200,'2025-09-08 20:33:05',780,-37.81065054435139,144.96809072933567,'very_late','qr_scan',NULL),('student-101',201,'2025-09-18 20:27:05',865,-37.81368239565891,144.96275981192390,'late','qr_scan',NULL),('student-101',202,'2025-09-18 20:21:05',853,-37.81184874087540,144.95987451721558,'late','qr_scan',NULL),('student-101',205,'2025-09-16 20:25:05',817,-37.81775963122543,144.96436273062662,'late','manual_entry','Manual entry - technical issues with QR code'),('student-101',206,'2025-09-16 20:24:05',805,-37.81443591852881,144.96291555564778,'late','qr_scan',NULL),('student-101',207,'2025-09-15 20:20:05',793,-37.81084924423941,144.96666426796742,'late','qr_scan',NULL),('student-101',207,'2025-09-15 20:29:05',920,-37.81847599175412,144.95826195569202,'on_time','qr_scan',NULL),('student-101',208,'2025-09-15 20:23:05',781,-37.81264166913968,144.96422049970414,'late','qr_scan',NULL),('student-101',209,'2025-09-25 20:32:05',866,-37.81520225609933,144.96706433447392,'very_late','qr_scan',NULL),('student-101',209,'2025-09-25 20:37:05',993,-37.81642446973755,144.96342432065842,'late','qr_scan',NULL),('student-101',210,'2025-09-25 20:28:05',854,-37.81589071402670,144.96024119144914,'late','qr_scan',NULL),('student-101',210,'2025-09-25 20:31:05',981,-37.81700383311585,144.96710667473582,'on_time','facial_recognition','Online session - facial recognition'),('student-101',213,'2025-09-23 20:14:05',818,-37.81454932159963,144.96708422473014,'on_time','facial_recognition','Online session - facial recognition'),('student-101',214,'2025-09-23 20:25:05',806,-37.81229486390026,144.96260447458260,'late','qr_scan',NULL),('student-101',214,'2025-09-23 20:37:05',933,-37.81772037240260,144.96573807076740,'late','qr_scan',NULL),('student-101',216,'2025-09-22 20:23:05',782,-37.81162167830339,144.95947857505250,'late','facial_recognition','Online session - facial recognition'),('student-102',123,'2025-07-09 20:18:05',831,-37.81826432900137,144.96277043246576,'on_time','geofence','Online session - geofence verification'),('student-102',124,'2025-07-09 20:24:05',819,-37.80925489661941,144.95935078930637,'late','geofence','Online session - geofence verification'),('student-102',128,'2025-07-07 20:32:05',771,-37.80999295658226,144.96354379415500,'very_late','geofence','Online session - geofence verification'),('student-102',131,'2025-07-16 20:30:05',959,-37.81723068837545,144.96148533658848,'on_time','qr_scan',NULL),('student-102',135,'2025-07-14 20:18:05',784,-37.81673603094605,144.96078344104540,'on_time','qr_scan',NULL),('student-102',136,'2025-07-14 20:17:05',772,-37.81238933714124,144.96448732988050,'on_time','qr_scan',NULL),('student-102',139,'2025-07-23 20:20:05',833,-37.81286467808361,144.96627760200070,'late','qr_scan',NULL),('student-102',140,'2025-07-23 20:33:05',821,-37.81598772609028,144.96264954047180,'very_late','qr_scan',NULL),('student-102',143,'2025-07-21 20:29:05',785,-37.81714475520415,144.96218066083125,'late','qr_scan',NULL),('student-102',144,'2025-07-21 20:18:05',773,-37.81579515393227,144.96605281047740,'on_time','qr_scan',NULL),('student-102',147,'2025-07-30 20:25:05',834,-37.81625651726877,144.96328282885213,'late','facial_recognition','Online session - facial recognition'),('student-102',151,'2025-07-28 20:17:05',786,-37.81740656568223,144.95836925779903,'on_time','geofence','Online session - geofence verification'),('student-102',152,'2025-07-28 20:23:05',774,-37.81094894499402,144.96272086527108,'late','geofence','Online session - geofence verification'),('student-102',159,'2025-08-04 20:23:05',787,-37.81405399915004,144.96724144291463,'late','manual_entry','Manual entry - technical issues with QR code'),('student-102',160,'2025-08-04 20:19:05',775,-37.81327849658307,144.96709684980420,'on_time','qr_scan',NULL),('student-102',160,'2025-08-04 20:29:05',902,-37.81621186603235,144.95856851240143,'on_time','qr_scan',NULL),('student-102',167,'2025-08-11 20:19:05',788,-37.81759964678940,144.96512768241710,'on_time','qr_scan',NULL),('student-102',168,'2025-08-11 20:23:05',776,-37.80860207527541,144.96375268783424,'late','qr_scan',NULL),('student-102',168,'2025-08-11 20:36:05',903,-37.81514436019859,144.96269372089670,'late','qr_scan',NULL),('student-102',172,'2025-08-20 20:26:05',825,-37.80944206312042,144.96584924492254,'late','qr_scan',NULL),('student-102',175,'2025-08-18 20:15:05',789,-37.81510863418031,144.96347026206530,'on_time','geofence','Online session - geofence verification'),('student-102',179,'2025-08-27 20:25:05',838,-37.81436175338194,144.96207405911608,'late','qr_scan',NULL),('student-102',180,'2025-08-27 20:24:05',826,-37.81253336215423,144.96317959467830,'late','facial_recognition','Online session - facial recognition'),('student-102',183,'2025-08-25 20:17:05',790,-37.81760663042348,144.96774591169697,'on_time','qr_scan',NULL),('student-102',184,'2025-08-25 20:17:05',778,-37.81571704023845,144.96698149453223,'on_time','facial_recognition','Online session - facial recognition'),('student-102',184,'2025-08-25 20:33:05',905,-37.81622578560750,144.96536070172830,'on_time','facial_recognition','Online session - facial recognition'),('student-102',187,'2025-09-03 20:19:05',839,-37.81396691117600,144.96349305824356,'on_time','qr_scan',NULL),('student-102',187,'2025-09-03 20:33:05',966,-37.81425772345817,144.96516782013836,'on_time','qr_scan',NULL),('student-102',188,'2025-09-03 20:23:05',827,-37.80998889018576,144.96654206043374,'late','qr_scan',NULL),('student-102',191,'2025-09-01 20:18:05',791,-37.81051820225857,144.96112492475420,'on_time','qr_scan',NULL),('student-102',192,'2025-09-01 20:29:05',779,-37.81286963740426,144.96352975354515,'late','qr_scan',NULL),('student-102',195,'2025-09-10 20:29:05',840,-37.81540692147166,144.96007153418510,'late','qr_scan',NULL),('student-102',196,'2025-09-10 20:28:05',828,-37.81152938354698,144.96242754917472,'late','geofence','Online session - geofence verification'),('student-102',196,'2025-09-10 20:34:05',955,-37.81200509999861,144.96384359748114,'on_time','geofence','Online session - geofence verification'),('student-102',199,'2025-09-08 20:24:05',792,-37.81111920379933,144.96001950491808,'late','qr_scan',NULL),('student-102',200,'2025-09-08 20:15:05',780,-37.81414477731283,144.95871347624345,'on_time','manual_entry','Manual entry - technical issues with QR code'),('student-102',200,'2025-09-08 20:36:05',907,-37.81192485925716,144.96765042217817,'late','geofence','Online session - geofence verification'),('student-102',204,'2025-09-17 20:32:05',829,-37.81682256909518,144.95966552644592,'very_late','qr_scan',NULL),('student-102',204,'2025-09-17 20:31:05',956,-37.81785223552552,144.96503737042784,'on_time','qr_scan',NULL),('student-102',207,'2025-09-15 20:18:05',793,-37.81654441468822,144.96192024471070,'on_time','qr_scan',NULL),('student-102',207,'2025-09-15 20:30:05',920,-37.81139874488041,144.95899756576426,'on_time','qr_scan',NULL),('student-102',208,'2025-09-15 20:24:05',781,-37.81040235628207,144.96326012160588,'late','qr_scan',NULL),('student-102',208,'2025-09-15 20:38:05',908,-37.81096026749235,144.96682491284153,'late','manual_entry','Manual entry - technical issues with QR code'),('student-102',212,'2025-09-24 20:38:05',957,-37.81298883868455,144.95855517612290,'late','manual_entry','Manual entry - technical issues with QR code'),('student-102',215,'2025-09-22 20:21:05',794,-37.80931817437254,144.96269641498010,'late','facial_recognition','Online session - facial recognition'),('student-102',216,'2025-09-22 20:25:05',782,-37.81820459338464,144.96311555073540,'late','facial_recognition','Online session - facial recognition'),('student-103',125,'2025-07-08 20:31:05',807,-37.81478235658499,144.96061751741630,'very_late','geofence','Online session - geofence verification'),('student-103',126,'2025-07-08 20:24:05',795,-37.81180410226770,144.96626319180480,'late','geofence','Online session - geofence verification'),('student-103',127,'2025-07-07 20:21:05',783,-37.81751023783843,144.96301409413974,'late','geofence','Online session - geofence verification'),('student-103',128,'2025-07-07 20:15:05',771,-37.80950441224250,144.96160447313255,'on_time','geofence','Online session - geofence verification'),('student-103',128,'2025-07-07 20:34:05',898,-37.81653088800081,144.96212686183716,'on_time','qr_scan',NULL),('student-103',133,'2025-07-15 20:14:05',808,-37.81373289631823,144.96224346584503,'on_time','qr_scan',NULL),('student-103',134,'2025-07-15 20:18:05',796,-37.81029519423665,144.96224653602442,'on_time','qr_scan',NULL),('student-103',135,'2025-07-14 20:16:05',784,-37.81669504964211,144.96439624499595,'on_time','qr_scan',NULL),('student-103',136,'2025-07-14 20:28:05',772,-37.81170740142419,144.96047904418480,'late','qr_scan',NULL),('student-103',141,'2025-07-22 20:20:05',809,-37.81013310133287,144.96107836277912,'late','manual_entry','Manual entry - technical issues with QR code'),('student-103',142,'2025-07-22 20:29:05',797,-37.81263820481527,144.96430320033860,'late','qr_scan',NULL),('student-103',143,'2025-07-21 20:29:05',785,-37.81698336895069,144.96234555097170,'late','qr_scan',NULL),('student-103',144,'2025-07-21 20:19:05',773,-37.81820283650980,144.96141839376438,'on_time','qr_scan',NULL),('student-103',144,'2025-07-21 20:31:05',900,-37.81105643074853,144.95903736155978,'on_time','qr_scan',NULL),('student-103',149,'2025-07-29 20:33:05',810,-37.81243239908501,144.95974352815750,'very_late','facial_recognition','Online session - facial recognition'),('student-103',150,'2025-07-29 20:31:05',798,-37.81397202310318,144.96437739476625,'very_late','facial_recognition','Online session - facial recognition'),('student-103',151,'2025-07-28 20:30:05',786,-37.81178716545886,144.96809769704416,'very_late','geofence','Online session - geofence verification'),('student-103',152,'2025-07-28 20:32:05',901,-37.81540924960115,144.96282115261920,'on_time','geofence','Online session - geofence verification'),('student-103',157,'2025-08-05 20:18:05',811,-37.81526763030614,144.95855041905760,'on_time','qr_scan',NULL),('student-103',158,'2025-08-05 20:27:05',799,-37.81704746276592,144.96534706272337,'late','qr_scan',NULL),('student-103',158,'2025-08-05 20:30:05',926,-37.81406198266136,144.96487170605099,'on_time','manual_entry','Manual entry - technical issues with QR code'),('student-103',159,'2025-08-04 20:19:05',787,-37.81019897060283,144.96133994764430,'on_time','qr_scan',NULL),('student-103',159,'2025-08-04 20:29:05',914,-37.81820178175904,144.96711832876636,'on_time','qr_scan',NULL),('student-103',160,'2025-08-04 20:30:05',775,-37.81511848551493,144.96118313388664,'very_late','manual_entry','Manual entry - technical issues with QR code'),('student-103',165,'2025-08-12 20:32:05',812,-37.81498091532177,144.95915551334195,'very_late','qr_scan',NULL),('student-103',166,'2025-08-12 20:17:05',800,-37.81717686158137,144.96065401401086,'on_time','qr_scan',NULL),('student-103',166,'2025-08-12 20:35:05',927,-37.81223960938867,144.96133754011024,'late','qr_scan',NULL),('student-103',167,'2025-08-11 20:33:05',788,-37.81699347367025,144.96732148137280,'very_late','qr_scan',NULL),('student-103',168,'2025-08-11 20:22:05',776,-37.81145767896367,144.96064081550290,'late','qr_scan',NULL),('student-103',173,'2025-08-19 20:20:05',813,-37.81454342364552,144.95830841205512,'late','geofence','Online session - geofence verification'),('student-103',174,'2025-08-19 20:27:05',801,-37.81273775067231,144.96698167105510,'late','geofence','Online session - geofence verification'),('student-103',175,'2025-08-18 20:25:05',789,-37.80885523928949,144.95949796390330,'late','qr_scan',NULL),('student-103',176,'2025-08-18 20:37:05',904,-37.81763541446573,144.96600705302535,'late','geofence','Online session - geofence verification'),('student-103',181,'2025-08-26 20:23:05',814,-37.81232968992566,144.96483384639130,'late','facial_recognition','Online session - facial recognition'),('student-103',182,'2025-08-26 20:25:05',802,-37.81716741911598,144.95860054085486,'late','qr_scan',NULL),('student-103',182,'2025-08-26 20:29:05',929,-37.80930747696861,144.96214591069003,'on_time','qr_scan',NULL),('student-103',183,'2025-08-25 20:28:05',790,-37.81780077223257,144.96016759255570,'late','qr_scan',NULL),('student-103',184,'2025-08-25 20:18:05',778,-37.81513335509499,144.95898776944287,'on_time','qr_scan',NULL),('student-103',189,'2025-09-02 20:26:05',815,-37.81718948277178,144.96592179311645,'late','qr_scan',NULL),('student-103',190,'2025-09-02 20:22:05',803,-37.80952817138967,144.96080721472120,'late','qr_scan',NULL),('student-103',190,'2025-09-02 20:31:05',930,-37.81063790695596,144.96026793966680,'on_time','qr_scan',NULL),('student-103',192,'2025-09-01 20:20:05',779,-37.81097733592501,144.96571589797924,'late','qr_scan',NULL),('student-103',192,'2025-09-01 20:36:05',906,-37.81186765019751,144.95949129098634,'late','qr_scan',NULL),('student-103',197,'2025-09-09 20:18:05',816,-37.81038417802954,144.96201089700526,'on_time','geofence','Online session - geofence verification'),('student-103',198,'2025-09-09 20:28:05',804,-37.80872115035218,144.96537123970842,'late','manual_entry','Manual entry - technical issues with QR code'),('student-103',199,'2025-09-08 20:14:05',792,-37.80997957342098,144.96115063210712,'on_time','geofence','Online session - geofence verification'),('student-103',200,'2025-09-08 20:27:05',780,-37.81436444562130,144.95927335552457,'late','qr_scan',NULL),('student-103',205,'2025-09-16 20:24:05',817,-37.80910492098602,144.96005176334302,'late','manual_entry','Manual entry - technical issues with QR code'),('student-103',206,'2025-09-16 20:20:05',805,-37.81595158195473,144.96089907845220,'late','qr_scan',NULL),('student-103',207,'2025-09-15 20:20:05',793,-37.81134537445302,144.96473831063233,'late','qr_scan',NULL),('student-103',208,'2025-09-15 20:15:05',781,-37.80943292421963,144.96226131499610,'on_time','qr_scan',NULL),('student-103',208,'2025-09-15 20:36:05',908,-37.81395561695263,144.95926562531437,'late','qr_scan',NULL),('student-103',213,'2025-09-23 20:27:05',818,-37.81244341645412,144.95820460833096,'late','qr_scan',NULL),('student-103',214,'2025-09-23 20:23:05',806,-37.81681388862861,144.96346635366768,'late','qr_scan',NULL),('student-103',215,'2025-09-22 20:17:05',794,-37.81454105969737,144.96271346083750,'on_time','qr_scan',NULL),('student-103',216,'2025-09-22 20:22:05',782,-37.81821950814316,144.96676940321277,'late','facial_recognition','Online session - facial recognition'),('student-104',121,'2025-07-10 20:20:05',855,-37.81001561730897,144.96060285112532,'late','geofence','Online session - geofence verification'),('student-104',121,'2025-07-10 20:33:05',982,-37.81167596068185,144.95999337620688,'on_time','geofence','Online session - geofence verification'),('student-104',123,'2025-07-09 20:29:05',831,-37.81706319305567,144.96264068169420,'late','manual_entry','Manual entry - technical issues with QR code'),('student-104',123,'2025-07-09 20:34:05',958,-37.81829123139018,144.96458997315810,'on_time','geofence','Online session - geofence verification'),('student-104',124,'2025-07-09 20:28:05',819,-37.81655183040942,144.96631840063503,'late','geofence','Online session - geofence verification'),('student-104',124,'2025-07-09 20:31:05',946,-37.81723530129999,144.96594358500303,'on_time','geofence','Online session - geofence verification'),('student-104',129,'2025-07-17 20:17:05',856,-37.81819560150243,144.96560690798043,'on_time','qr_scan',NULL),('student-104',130,'2025-07-17 20:25:05',844,-37.81721689891538,144.96720567750140,'late','manual_entry','Manual entry - technical issues with QR code'),('student-104',132,'2025-07-16 20:14:05',820,-37.81800112735089,144.96082963036105,'on_time','qr_scan',NULL),('student-104',135,'2025-07-14 20:33:05',784,-37.81618344040027,144.96035338914640,'very_late','qr_scan',NULL),('student-104',135,'2025-07-14 20:38:05',911,-37.81266249585008,144.95930578781812,'late','manual_entry','Manual entry - technical issues with QR code'),('student-104',137,'2025-07-24 20:37:05',984,-37.81174566249321,144.96763858469570,'late','qr_scan',NULL),('student-104',139,'2025-07-23 20:21:05',833,-37.81025904781004,144.95817250991655,'late','qr_scan',NULL),('student-104',139,'2025-07-23 20:35:05',960,-37.81780320077725,144.96127385865670,'late','qr_scan',NULL),('student-104',140,'2025-07-23 20:15:05',821,-37.80880372461547,144.96436402649680,'on_time','qr_scan',NULL),('student-104',143,'2025-07-21 20:32:05',785,-37.81197029833660,144.96379053617835,'very_late','qr_scan',NULL),('student-104',144,'2025-07-21 20:28:05',773,-37.80956537413166,144.96213149272690,'late','qr_scan',NULL),('student-104',145,'2025-07-31 20:20:05',858,-37.81235508544385,144.95989992745797,'late','geofence','Online session - geofence verification'),('student-104',146,'2025-07-31 20:29:05',846,-37.81589654646227,144.96779934730762,'late','facial_recognition','Online session - facial recognition'),('student-104',147,'2025-07-30 20:31:05',834,-37.81090111070192,144.95998445992944,'very_late','geofence','Online session - geofence verification'),('student-104',148,'2025-07-30 20:17:05',822,-37.81363996629737,144.96752305010690,'on_time','facial_recognition','Online session - facial recognition'),('student-104',151,'2025-07-28 20:29:05',786,-37.81846585191439,144.96550028463992,'late','facial_recognition','Online session - facial recognition'),('student-104',152,'2025-07-28 20:22:05',774,-37.80921674303433,144.96297854824854,'late','facial_recognition','Online session - facial recognition'),('student-104',153,'2025-08-07 20:26:05',859,-37.81081988254434,144.95887971221020,'late','qr_scan',NULL),('student-104',156,'2025-08-06 20:29:05',823,-37.81603873463705,144.95822291999545,'late','manual_entry','Manual entry - technical issues with QR code'),('student-104',160,'2025-08-04 20:25:05',775,-37.81548222817786,144.96687016919552,'late','qr_scan',NULL),('student-104',161,'2025-08-14 20:22:05',860,-37.81076537340746,144.96440174545228,'late','qr_scan',NULL),('student-104',161,'2025-08-14 20:30:05',987,-37.81167383944567,144.95837906680507,'on_time','qr_scan',NULL),('student-104',162,'2025-08-14 20:20:05',848,-37.81355672989167,144.96382330645818,'late','qr_scan',NULL),('student-104',163,'2025-08-13 20:33:05',836,-37.80951688962739,144.96409792353435,'very_late','qr_scan',NULL),('student-104',163,'2025-08-13 20:30:05',963,-37.81431949006591,144.96516681886413,'on_time','qr_scan',NULL),('student-104',164,'2025-08-13 20:15:05',824,-37.81546375127813,144.96176681282750,'on_time','qr_scan',NULL),('student-104',170,'2025-08-21 20:14:05',849,-37.81632380006288,144.95902571286570,'on_time','geofence','Online session - geofence verification'),('student-104',170,'2025-08-21 20:31:05',976,-37.81859372944236,144.95962141282476,'on_time','manual_entry','Manual entry - technical issues with QR code'),('student-104',171,'2025-08-20 20:26:05',837,-37.81479048127550,144.95853466228100,'late','qr_scan',NULL),('student-104',172,'2025-08-20 20:36:05',952,-37.81053723702984,144.96539746450418,'late','geofence','Online session - geofence verification'),('student-104',175,'2025-08-18 20:23:05',789,-37.80894762747618,144.96261047175054,'late','qr_scan',NULL),('student-104',176,'2025-08-18 20:21:05',777,-37.81684026312515,144.96543862336478,'late','geofence','Online session - geofence verification'),('student-104',177,'2025-08-28 20:23:05',862,-37.81055562636662,144.96353569991870,'late','qr_scan',NULL),('student-104',178,'2025-08-28 20:26:05',850,-37.81619792988897,144.96072515172605,'late','manual_entry','Manual entry - technical issues with QR code'),('student-104',179,'2025-08-27 20:21:05',838,-37.81078865215982,144.96558993012820,'late','qr_scan',NULL),('student-104',180,'2025-08-27 20:15:05',826,-37.81643659477517,144.96666247519008,'on_time','facial_recognition','Online session - facial recognition'),('student-104',183,'2025-08-25 20:20:05',790,-37.81492773125202,144.96596547937230,'late','manual_entry','Manual entry - technical issues with QR code'),('student-104',184,'2025-08-25 20:29:05',778,-37.81306045805184,144.96320394201157,'late','qr_scan',NULL),('student-104',185,'2025-09-04 20:32:05',863,-37.81376761078050,144.96520517107240,'very_late','qr_scan',NULL),('student-104',186,'2025-09-04 20:31:05',851,-37.81435566954516,144.96283897735097,'very_late','qr_scan',NULL),('student-104',186,'2025-09-04 20:32:05',978,-37.81134508203635,144.96243864952470,'on_time','qr_scan',NULL),('student-104',187,'2025-09-03 20:32:05',839,-37.81204332063891,144.96343054458472,'very_late','qr_scan',NULL),('student-104',188,'2025-09-03 20:27:05',827,-37.81493749792943,144.96673645814232,'late','qr_scan',NULL),('student-104',191,'2025-09-01 20:21:05',791,-37.81471809404206,144.96560190214020,'late','qr_scan',NULL),('student-104',192,'2025-09-01 20:20:05',779,-37.81818551231734,144.96054304993416,'late','qr_scan',NULL),('student-104',193,'2025-09-11 20:36:05',991,-37.81439306194167,144.96591371170450,'late','qr_scan',NULL),('student-104',199,'2025-09-08 20:29:05',792,-37.81773809543395,144.95898699459180,'late','manual_entry','Manual entry - technical issues with QR code'),('student-104',199,'2025-09-08 20:34:05',919,-37.81424183505778,144.96366261648942,'on_time','geofence','Online session - geofence verification'),('student-104',200,'2025-09-08 20:18:05',780,-37.81667780555271,144.96086944943030,'on_time','geofence','Online session - geofence verification'),('student-104',201,'2025-09-18 20:31:05',865,-37.81047974513684,144.96244587746332,'very_late','manual_entry','Manual entry - technical issues with QR code'),('student-104',201,'2025-09-18 20:34:05',992,-37.81325554441759,144.96782166205730,'on_time','qr_scan',NULL),('student-104',202,'2025-09-18 20:29:05',853,-37.81560395813865,144.95976872846117,'late','qr_scan',NULL),('student-104',202,'2025-09-18 20:35:05',980,-37.81003270856834,144.96174846338857,'late','qr_scan',NULL),('student-104',203,'2025-09-17 20:18:05',841,-37.81266517744443,144.96092924031170,'on_time','qr_scan',NULL),('student-104',204,'2025-09-17 20:29:05',829,-37.81718541875015,144.96183254631063,'late','qr_scan',NULL),('student-104',207,'2025-09-15 20:38:05',920,-37.81385327369129,144.96187587689437,'late','manual_entry','Manual entry - technical issues with QR code'),('student-104',208,'2025-09-15 20:22:05',781,-37.81830206826898,144.96746127380408,'late','qr_scan',NULL),('student-104',208,'2025-09-15 20:34:05',908,-37.81439486765508,144.96119162288260,'on_time','qr_scan',NULL),('student-104',209,'2025-09-25 20:26:05',866,-37.81123931381762,144.96615582593944,'late','qr_scan',NULL),('student-104',209,'2025-09-25 20:33:05',993,-37.81637452616745,144.96572106229328,'on_time','facial_recognition','Online session - facial recognition'),('student-104',210,'2025-09-25 20:26:05',854,-37.81399967796337,144.96170083811320,'late','facial_recognition','Online session - facial recognition'),('student-104',210,'2025-09-25 20:33:05',981,-37.81831290584627,144.96692244276704,'on_time','qr_scan',NULL),('student-104',211,'2025-09-24 20:26:05',842,-37.81441222367083,144.96102815534670,'late','facial_recognition','Online session - facial recognition'),('student-104',212,'2025-09-24 20:16:05',830,-37.81092265708253,144.96320345845960,'on_time','qr_scan',NULL),('student-104',216,'2025-09-22 20:24:05',782,-37.81011914873302,144.96544577262526,'late','qr_scan',NULL),('student-105',125,'2025-07-08 20:30:05',807,-37.81140030223802,144.95973628778572,'very_late','geofence','Online session - geofence verification'),('student-105',127,'2025-07-07 20:23:05',783,-37.80931767509050,144.95976767720288,'late','geofence','Online session - geofence verification'),('student-105',133,'2025-07-15 20:30:05',808,-37.81619957911223,144.96565301912088,'very_late','qr_scan',NULL),('student-105',134,'2025-07-15 20:27:05',796,-37.81279624945540,144.96716362923706,'late','qr_scan',NULL),('student-105',134,'2025-07-15 20:31:05',923,-37.81157189709076,144.96652224988938,'on_time','manual_entry','Manual entry - technical issues with QR code'),('student-105',135,'2025-07-14 20:20:05',784,-37.81402095606720,144.96101671276364,'late','qr_scan',NULL),('student-105',136,'2025-07-14 20:16:05',772,-37.80996148471512,144.96799947625425,'on_time','qr_scan',NULL),('student-105',136,'2025-07-14 20:30:05',899,-37.81755018341853,144.95931575012915,'on_time','qr_scan',NULL),('student-105',141,'2025-07-22 20:31:05',809,-37.81447083940941,144.96318429432762,'very_late','qr_scan',NULL),('student-105',142,'2025-07-22 20:28:05',797,-37.81277444141971,144.96609734864197,'late','qr_scan',NULL),('student-105',143,'2025-07-21 20:25:05',785,-37.81555936423443,144.96606436068413,'late','qr_scan',NULL),('student-105',144,'2025-07-21 20:20:05',773,-37.81189348964924,144.96211219062880,'late','manual_entry','Manual entry - technical issues with QR code'),('student-105',149,'2025-07-29 20:21:05',810,-37.80952647682030,144.96253679345253,'late','geofence','Online session - geofence verification'),('student-105',150,'2025-07-29 20:31:05',798,-37.81769396379170,144.96658108160167,'very_late','facial_recognition','Online session - facial recognition'),('student-105',151,'2025-07-28 20:15:05',786,-37.81442672425158,144.96658425113455,'on_time','geofence','Online session - geofence verification'),('student-105',152,'2025-07-28 20:27:05',774,-37.81443286751605,144.95919803624554,'late','manual_entry','Manual entry - technical issues with QR code'),('student-105',157,'2025-08-05 20:33:05',811,-37.81574658071953,144.96259606960126,'very_late','qr_scan',NULL),('student-105',158,'2025-08-05 20:26:05',799,-37.81259649012275,144.95967557995206,'late','qr_scan',NULL),('student-105',158,'2025-08-05 20:29:05',926,-37.81479706090185,144.96439287114020,'on_time','qr_scan',NULL),('student-105',159,'2025-08-04 20:20:05',787,-37.81775475387979,144.96234494711146,'late','qr_scan',NULL),('student-105',160,'2025-08-04 20:26:05',775,-37.81120685808268,144.96653426945474,'late','qr_scan',NULL),('student-105',165,'2025-08-12 20:31:05',812,-37.81718581267166,144.95836586136807,'very_late','qr_scan',NULL),('student-105',165,'2025-08-12 20:33:05',939,-37.81807866048615,144.96757713570620,'on_time','qr_scan',NULL),('student-105',166,'2025-08-12 20:23:05',800,-37.80989579599136,144.96709731893930,'late','qr_scan',NULL),('student-105',167,'2025-08-11 20:14:05',788,-37.81487408469680,144.96669957304653,'on_time','manual_entry','Manual entry - technical issues with QR code'),('student-105',168,'2025-08-11 20:33:05',776,-37.81496791686190,144.96630753704590,'very_late','qr_scan',NULL),('student-105',173,'2025-08-19 20:21:05',813,-37.81653488555396,144.96721630731923,'late','geofence','Online session - geofence verification'),('student-105',174,'2025-08-19 20:28:05',801,-37.81174969678703,144.95996244094917,'late','geofence','Online session - geofence verification'),('student-105',175,'2025-08-18 20:22:05',789,-37.81716176166661,144.96195681447932,'late','geofence','Online session - geofence verification'),('student-105',176,'2025-08-18 20:24:05',777,-37.81757340548129,144.96807198466210,'late','geofence','Online session - geofence verification'),('student-105',181,'2025-08-26 20:22:05',814,-37.81272504912738,144.96520484065778,'late','facial_recognition','Online session - facial recognition'),('student-105',182,'2025-08-26 20:33:05',802,-37.81559894852657,144.96453569550144,'very_late','facial_recognition','Online session - facial recognition'),('student-105',183,'2025-08-25 20:29:05',790,-37.81374918839107,144.95848450790604,'late','facial_recognition','Online session - facial recognition'),('student-105',184,'2025-08-25 20:32:05',778,-37.80933526887291,144.96684286531354,'very_late','facial_recognition','Online session - facial recognition'),('student-105',189,'2025-09-02 20:15:05',815,-37.80862378239299,144.96521601239360,'on_time','qr_scan',NULL),('student-105',189,'2025-09-02 20:38:05',942,-37.81362511540896,144.96503147088114,'late','qr_scan',NULL),('student-105',190,'2025-09-02 20:20:05',803,-37.81015528116185,144.95987970483134,'late','manual_entry','Manual entry - technical issues with QR code'),('student-105',191,'2025-09-01 20:27:05',791,-37.81212508129880,144.96003481513478,'late','qr_scan',NULL),('student-105',197,'2025-09-09 20:19:05',816,-37.80930902594432,144.96614765137662,'on_time','geofence','Online session - geofence verification'),('student-105',198,'2025-09-09 20:17:05',804,-37.80983629585024,144.96656492891987,'on_time','geofence','Online session - geofence verification'),('student-105',199,'2025-09-08 20:27:05',792,-37.81122120653188,144.96523802452865,'late','geofence','Online session - geofence verification'),('student-105',200,'2025-09-08 20:18:05',780,-37.81236712903731,144.96297943731702,'on_time','geofence','Online session - geofence verification'),('student-105',205,'2025-09-16 20:15:05',817,-37.80985768873026,144.96027372611368,'on_time','qr_scan',NULL),('student-105',206,'2025-09-16 20:17:05',805,-37.81748312942244,144.95812398185433,'on_time','qr_scan',NULL),('student-105',207,'2025-09-15 20:17:05',793,-37.81109919446418,144.96010133025830,'on_time','qr_scan',NULL),('student-105',208,'2025-09-15 20:16:05',781,-37.80894247425417,144.96195048033096,'on_time','qr_scan',NULL),('student-105',213,'2025-09-23 20:33:05',818,-37.81499671397992,144.96625853459588,'very_late','facial_recognition','Online session - facial recognition'),('student-105',213,'2025-09-23 20:38:05',945,-37.81255926438641,144.95882431786052,'late','qr_scan',NULL),('student-105',214,'2025-09-23 20:16:05',806,-37.81667974347666,144.96389694703760,'on_time','facial_recognition','Online session - facial recognition'),('student-105',216,'2025-09-22 20:22:05',782,-37.81048777561475,144.96547843044790,'late','qr_scan',NULL),('student-106',123,'2025-07-09 20:27:05',831,-37.80866448877050,144.96724887159982,'late','manual_entry','Manual entry - technical issues with QR code'),('student-106',123,'2025-07-09 20:37:05',958,-37.81243126962355,144.96450000566506,'late','geofence','Online session - geofence verification'),('student-106',124,'2025-07-09 20:14:05',819,-37.81303112404498,144.96569756421445,'on_time','geofence','Online session - geofence verification'),('student-106',128,'2025-07-07 20:16:05',771,-37.81101330166572,144.96277237759816,'on_time','geofence','Online session - geofence verification'),('student-106',131,'2025-07-16 20:29:05',832,-37.81220777757466,144.96686008012216,'late','qr_scan',NULL),('student-106',136,'2025-07-14 20:30:05',772,-37.81829175604143,144.96500896960617,'very_late','qr_scan',NULL),('student-106',139,'2025-07-23 20:26:05',833,-37.81221439385788,144.96058521954052,'late','qr_scan',NULL),('student-106',144,'2025-07-21 20:29:05',773,-37.81007156480837,144.96773055501657,'late','qr_scan',NULL),('student-106',144,'2025-07-21 20:32:05',900,-37.81480296285134,144.96669414880964,'on_time','qr_scan',NULL),('student-106',147,'2025-07-30 20:25:05',834,-37.81770299177198,144.96466069898656,'late','manual_entry','Manual entry - technical issues with QR code'),('student-106',147,'2025-07-30 20:31:05',961,-37.81116331409567,144.95852243400628,'on_time','geofence','Online session - geofence verification'),('student-106',148,'2025-07-30 20:19:05',822,-37.81077245561274,144.95851792627462,'on_time','facial_recognition','Online session - facial recognition'),('student-106',151,'2025-07-28 20:22:05',786,-37.81803233300879,144.95877516353045,'late','facial_recognition','Online session - facial recognition'),('student-106',152,'2025-07-28 20:17:05',774,-37.80931729200959,144.95956410429986,'on_time','facial_recognition','Online session - facial recognition'),('student-106',155,'2025-08-06 20:26:05',835,-37.81297549656664,144.96719008548510,'late','qr_scan',NULL),('student-106',156,'2025-08-06 20:22:05',823,-37.81596610578128,144.95841368750177,'late','qr_scan',NULL),('student-106',159,'2025-08-04 20:15:05',787,-37.81111625973966,144.96338826213002,'on_time','qr_scan',NULL),('student-106',159,'2025-08-04 20:34:05',914,-37.81495498936880,144.96131213975846,'on_time','manual_entry','Manual entry - technical issues with QR code'),('student-106',160,'2025-08-04 20:23:05',775,-37.81529175973785,144.96067079835288,'late','qr_scan',NULL),('student-106',160,'2025-08-04 20:33:05',902,-37.80990222885060,144.95856402098653,'on_time','qr_scan',NULL),('student-106',163,'2025-08-13 20:25:05',836,-37.81828254022271,144.96256430716147,'late','qr_scan',NULL),('student-106',164,'2025-08-13 20:21:05',824,-37.81724518842534,144.96399559851764,'late','qr_scan',NULL),('student-106',164,'2025-08-13 20:38:05',951,-37.81766754210505,144.96522640545064,'late','qr_scan',NULL),('student-106',172,'2025-08-20 20:17:05',825,-37.80917079955989,144.95998267592515,'on_time','qr_scan',NULL),('student-106',175,'2025-08-18 20:20:05',789,-37.81712634586257,144.96563923482964,'late','geofence','Online session - geofence verification'),('student-106',175,'2025-08-18 20:34:05',916,-37.81639299803804,144.96354495569116,'on_time','qr_scan',NULL),('student-106',176,'2025-08-18 20:21:05',777,-37.80901668673085,144.96406232676503,'late','qr_scan',NULL),('student-106',179,'2025-08-27 20:29:05',838,-37.81260558666699,144.96524732578690,'late','qr_scan',NULL),('student-106',180,'2025-08-27 20:25:05',826,-37.81794959317497,144.96358190147194,'late','qr_scan',NULL),('student-106',183,'2025-08-25 20:25:05',790,-37.81222530650909,144.96288246283230,'late','qr_scan',NULL),('student-106',184,'2025-08-25 20:20:05',778,-37.80950004099617,144.96348357981980,'late','facial_recognition','Online session - facial recognition'),('student-106',187,'2025-09-03 20:31:05',839,-37.81493909367615,144.95963915505067,'very_late','manual_entry','Manual entry - technical issues with QR code'),('student-106',187,'2025-09-03 20:33:05',966,-37.81541034003087,144.95949029018710,'on_time','qr_scan',NULL),('student-106',188,'2025-09-03 20:24:05',827,-37.80986160453191,144.96659832789830,'late','qr_scan',NULL),('student-106',192,'2025-09-01 20:23:05',779,-37.81752152868111,144.95929166101440,'late','qr_scan',NULL),('student-106',195,'2025-09-10 20:27:05',840,-37.81226986107423,144.96009297498165,'late','geofence','Online session - geofence verification'),('student-106',196,'2025-09-10 20:22:05',828,-37.81375803884264,144.95894032317702,'late','qr_scan',NULL),('student-106',199,'2025-09-08 20:26:05',792,-37.81748803006978,144.96459593160162,'late','geofence','Online session - geofence verification'),('student-106',200,'2025-09-08 20:21:05',780,-37.81642292981429,144.96742167610090,'late','geofence','Online session - geofence verification'),('student-106',203,'2025-09-17 20:20:05',841,-37.81152045044985,144.96383489695390,'late','qr_scan',NULL),('student-106',204,'2025-09-17 20:15:05',829,-37.81737045437579,144.96155582263864,'on_time','qr_scan',NULL),('student-106',204,'2025-09-17 20:38:05',956,-37.81432833244291,144.96036510629270,'late','qr_scan',NULL),('student-106',207,'2025-09-15 20:17:05',793,-37.81352678221774,144.95891453574896,'on_time','qr_scan',NULL),('student-106',207,'2025-09-15 20:34:05',920,-37.81708331037768,144.95941031682835,'on_time','qr_scan',NULL),('student-106',211,'2025-09-24 20:17:05',842,-37.81681847118271,144.96219932079174,'on_time','facial_recognition','Online session - facial recognition'),('student-106',211,'2025-09-24 20:35:05',969,-37.81304914482949,144.96734004292975,'late','facial_recognition','Online session - facial recognition'),('student-106',212,'2025-09-24 20:28:05',830,-37.81047607028697,144.96737181629396,'late','facial_recognition','Online session - facial recognition'),('student-106',216,'2025-09-22 20:15:05',782,-37.81305590827098,144.96389414119550,'on_time','facial_recognition','Online session - facial recognition'),('student-107',121,'2025-07-10 20:26:05',855,-37.81739839209728,144.96521708111420,'late','qr_scan',NULL),('student-107',122,'2025-07-10 20:26:05',843,-37.81538203163369,144.96493895839083,'late','geofence','Online session - geofence verification'),('student-107',125,'2025-07-08 20:30:05',807,-37.81833270404128,144.96542788000008,'very_late','geofence','Online session - geofence verification'),('student-107',126,'2025-07-08 20:27:05',795,-37.81668536773369,144.96675122244568,'late','geofence','Online session - geofence verification'),('student-107',127,'2025-07-07 20:25:05',783,-37.81198258542435,144.96379937662752,'late','geofence','Online session - geofence verification'),('student-107',129,'2025-07-17 20:32:05',856,-37.81213403409341,144.96317182999056,'very_late','qr_scan',NULL),('student-107',134,'2025-07-15 20:18:05',796,-37.81060274981745,144.96105549054906,'on_time','manual_entry','Manual entry - technical issues with QR code'),('student-107',134,'2025-07-15 20:38:05',923,-37.81234104391201,144.95979091343105,'late','qr_scan',NULL),('student-107',135,'2025-07-14 20:23:05',784,-37.81069196271569,144.96302772196879,'late','qr_scan',NULL),('student-107',136,'2025-07-14 20:28:05',772,-37.81259198007211,144.96601907854185,'late','qr_scan',NULL),('student-107',136,'2025-07-14 20:35:05',899,-37.81055588508803,144.95969544536993,'late','qr_scan',NULL),('student-107',137,'2025-07-24 20:22:05',857,-37.81772942622708,144.95948721604030,'late','manual_entry','Manual entry - technical issues with QR code'),('student-107',141,'2025-07-22 20:33:05',809,-37.81811662925027,144.96076564947802,'very_late','qr_scan',NULL),('student-107',143,'2025-07-21 20:25:05',785,-37.81775763557810,144.96451488320793,'late','qr_scan',NULL),('student-107',143,'2025-07-21 20:36:05',912,-37.81430549111413,144.95834296991550,'late','qr_scan',NULL),('student-107',144,'2025-07-21 20:31:05',900,-37.81276030628995,144.96095131357876,'on_time','qr_scan',NULL),('student-107',145,'2025-07-31 20:38:05',985,-37.81691421847298,144.95915990612977,'late','qr_scan',NULL),('student-107',149,'2025-07-29 20:17:05',810,-37.81595714326367,144.96679445367593,'on_time','geofence','Online session - geofence verification'),('student-107',150,'2025-07-29 20:19:05',798,-37.81269562898250,144.95864209352520,'on_time','qr_scan',NULL),('student-107',152,'2025-07-28 20:19:05',774,-37.81216881027442,144.96134691918050,'on_time','facial_recognition','Online session - facial recognition'),('student-107',152,'2025-07-28 20:33:05',901,-37.81247261632259,144.96620281698415,'on_time','facial_recognition','Online session - facial recognition'),('student-107',154,'2025-08-07 20:31:05',847,-37.81313550047663,144.95949760633130,'very_late','qr_scan',NULL),('student-107',157,'2025-08-05 20:26:05',811,-37.80979905178547,144.96376800978560,'late','qr_scan',NULL),('student-107',158,'2025-08-05 20:23:05',799,-37.81515154784820,144.96151192317512,'late','qr_scan',NULL),('student-107',158,'2025-08-05 20:30:05',926,-37.81177121355159,144.96804669117960,'on_time','qr_scan',NULL),('student-107',159,'2025-08-04 20:22:05',787,-37.81014194622444,144.95813327478658,'late','qr_scan',NULL),('student-107',161,'2025-08-14 20:16:05',860,-37.81701952853689,144.96264534890554,'on_time','qr_scan',NULL),('student-107',161,'2025-08-14 20:31:05',987,-37.80921524150019,144.95828260308560,'on_time','qr_scan',NULL),('student-107',162,'2025-08-14 20:14:05',848,-37.81774170501674,144.96160039832620,'on_time','qr_scan',NULL),('student-107',165,'2025-08-12 20:23:05',812,-37.81667952510014,144.96379394875848,'late','qr_scan',NULL),('student-107',166,'2025-08-12 20:28:05',800,-37.81833215673094,144.96730534151533,'late','qr_scan',NULL),('student-107',167,'2025-08-11 20:16:05',788,-37.81326044757950,144.96165064836660,'on_time','qr_scan',NULL),('student-107',168,'2025-08-11 20:33:05',776,-37.81686100478719,144.96679935382036,'very_late','qr_scan',NULL),('student-107',169,'2025-08-21 20:16:05',861,-37.81415902062502,144.96694146993872,'on_time','qr_scan',NULL),('student-107',169,'2025-08-21 20:37:05',988,-37.81735273092534,144.95839361270396,'late','geofence','Online session - geofence verification'),('student-107',170,'2025-08-21 20:26:05',849,-37.81088646500249,144.96799961779666,'late','geofence','Online session - geofence verification'),('student-107',173,'2025-08-19 20:33:05',813,-37.80884834950478,144.95811211425290,'very_late','geofence','Online session - geofence verification'),('student-107',173,'2025-08-19 20:35:05',940,-37.81099658569209,144.96718859934572,'late','geofence','Online session - geofence verification'),('student-107',174,'2025-08-19 20:30:05',801,-37.81378811327888,144.96750197031890,'very_late','geofence','Online session - geofence verification'),('student-107',175,'2025-08-18 20:21:05',789,-37.80963385564967,144.96165565395538,'late','geofence','Online session - geofence verification'),('student-107',175,'2025-08-18 20:35:05',916,-37.81699133022203,144.96609135633557,'late','qr_scan',NULL),('student-107',177,'2025-08-28 20:31:05',862,-37.81313715892000,144.95865481904238,'very_late','facial_recognition','Online session - facial recognition'),('student-107',178,'2025-08-28 20:17:05',850,-37.81774720474663,144.96719711211836,'on_time','facial_recognition','Online session - facial recognition'),('student-107',178,'2025-08-28 20:30:05',977,-37.81412313208163,144.96731844452546,'on_time','qr_scan',NULL),('student-107',181,'2025-08-26 20:30:05',814,-37.81138688649907,144.95961886813484,'very_late','facial_recognition','Online session - facial recognition'),('student-107',182,'2025-08-26 20:27:05',802,-37.81527831600334,144.96499982796730,'late','facial_recognition','Online session - facial recognition'),('student-107',183,'2025-08-25 20:33:05',790,-37.81499579272494,144.96733969130892,'very_late','facial_recognition','Online session - facial recognition'),('student-107',184,'2025-08-25 20:17:05',778,-37.81775720276456,144.96649586801678,'on_time','manual_entry','Manual entry - technical issues with QR code'),('student-107',189,'2025-09-02 20:27:05',815,-37.81100917606504,144.96532708878780,'late','qr_scan',NULL),('student-107',190,'2025-09-02 20:18:05',803,-37.81687947573576,144.95925444494517,'on_time','manual_entry','Manual entry - technical issues with QR code'),('student-107',191,'2025-09-01 20:26:05',791,-37.81261240190865,144.95864955436900,'late','qr_scan',NULL),('student-107',192,'2025-09-01 20:37:05',906,-37.80915961315572,144.96106465909384,'late','qr_scan',NULL),('student-107',193,'2025-09-11 20:25:05',864,-37.81182083263027,144.96466094331905,'late','geofence','Online session - geofence verification'),('student-107',194,'2025-09-11 20:17:05',852,-37.80996648820840,144.96671660401208,'on_time','geofence','Online session - geofence verification'),('student-107',198,'2025-09-09 20:23:05',804,-37.81283621789016,144.96260028335163,'late','geofence','Online session - geofence verification'),('student-107',199,'2025-09-08 20:26:05',792,-37.81487650463607,144.96802463274852,'late','geofence','Online session - geofence verification'),('student-107',199,'2025-09-08 20:32:05',919,-37.81586319922811,144.96268448384384,'on_time','geofence','Online session - geofence verification'),('student-107',201,'2025-09-18 20:21:05',865,-37.81167845334809,144.96129128429814,'late','qr_scan',NULL),('student-107',202,'2025-09-18 20:17:05',853,-37.81780955043212,144.96673804793790,'on_time','manual_entry','Manual entry - technical issues with QR code'),('student-107',205,'2025-09-16 20:27:05',817,-37.80908855439805,144.96559530642060,'late','qr_scan',NULL),('student-107',206,'2025-09-16 20:21:05',805,-37.81003517335079,144.95960050162478,'late','qr_scan',NULL),('student-107',206,'2025-09-16 20:35:05',932,-37.81802283986082,144.96061062584343,'late','qr_scan',NULL),('student-107',207,'2025-09-15 20:17:05',793,-37.81605146887139,144.96537809118786,'on_time','qr_scan',NULL),('student-107',208,'2025-09-15 20:30:05',781,-37.81614834439377,144.96516145587103,'very_late','qr_scan',NULL),('student-107',209,'2025-09-25 20:27:05',866,-37.80910181518356,144.96513728506065,'late','qr_scan',NULL),('student-107',209,'2025-09-25 20:33:05',993,-37.81148034647971,144.96085447348390,'on_time','qr_scan',NULL),('student-107',210,'2025-09-25 20:14:05',854,-37.81014162505785,144.95975104566295,'on_time','facial_recognition','Online session - facial recognition'),('student-107',213,'2025-09-23 20:24:05',818,-37.81135608211081,144.96800417179642,'late','qr_scan',NULL),('student-107',214,'2025-09-23 20:31:05',806,-37.81462695336195,144.96177826703348,'very_late','manual_entry','Manual entry - technical issues with QR code'),('student-108',123,'2025-07-09 20:18:05',831,-37.81520093055722,144.95836782172756,'on_time','manual_entry','Manual entry - technical issues with QR code'),('student-108',127,'2025-07-07 20:26:05',783,-37.81390857377249,144.96318192440037,'late','qr_scan',NULL),('student-108',128,'2025-07-07 20:20:05',771,-37.80980654981696,144.96260588011603,'late','geofence','Online session - geofence verification'),('student-108',131,'2025-07-16 20:27:05',832,-37.81827905986093,144.95918941654776,'late','qr_scan',NULL),('student-108',131,'2025-07-16 20:33:05',959,-37.81055280406806,144.96528931146636,'on_time','qr_scan',NULL),('student-108',135,'2025-07-14 20:35:05',911,-37.81719006036873,144.96454230401744,'late','qr_scan',NULL),('student-108',139,'2025-07-23 20:31:05',833,-37.81395414042450,144.96465707937344,'very_late','qr_scan',NULL),('student-108',140,'2025-07-23 20:33:05',948,-37.81637685516307,144.96548154362642,'on_time','qr_scan',NULL),('student-108',143,'2025-07-21 20:30:05',785,-37.81478213848786,144.96171340959893,'very_late','manual_entry','Manual entry - technical issues with QR code'),('student-108',144,'2025-07-21 20:18:05',773,-37.81030699003312,144.96348701254445,'on_time','qr_scan',NULL),('student-108',148,'2025-07-30 20:17:05',822,-37.81551492486458,144.95818173375397,'on_time','facial_recognition','Online session - facial recognition'),('student-108',151,'2025-07-28 20:27:05',786,-37.81424317074199,144.95986057886495,'late','facial_recognition','Online session - facial recognition'),('student-108',151,'2025-07-28 20:30:05',913,-37.81454487399417,144.96269883779715,'on_time','facial_recognition','Online session - facial recognition'),('student-108',152,'2025-07-28 20:23:05',774,-37.81460119113550,144.96320091083598,'late','geofence','Online session - geofence verification'),('student-108',155,'2025-08-06 20:25:05',835,-37.81625909691123,144.96296152270330,'late','qr_scan',NULL),('student-108',156,'2025-08-06 20:28:05',823,-37.81263669716235,144.96573837368940,'late','qr_scan',NULL),('student-108',156,'2025-08-06 20:34:05',950,-37.81717779532539,144.95918708749628,'on_time','qr_scan',NULL),('student-108',159,'2025-08-04 20:21:05',787,-37.81367043585654,144.96116409947860,'late','qr_scan',NULL),('student-108',160,'2025-08-04 20:25:05',775,-37.80999191057663,144.96349446293880,'late','qr_scan',NULL),('student-108',163,'2025-08-13 20:37:05',963,-37.81821637797730,144.96351567527262,'late','qr_scan',NULL),('student-108',164,'2025-08-13 20:32:05',824,-37.81793569614714,144.96327853273561,'very_late','qr_scan',NULL),('student-108',168,'2025-08-11 20:24:05',776,-37.81693506250599,144.96052211467813,'late','qr_scan',NULL),('student-108',171,'2025-08-20 20:33:05',964,-37.81147993149169,144.96043128016100,'on_time','qr_scan',NULL),('student-108',176,'2025-08-18 20:21:05',777,-37.81125259701074,144.96306988869733,'late','qr_scan',NULL),('student-108',179,'2025-08-27 20:28:05',838,-37.81523532161772,144.96294848473673,'late','facial_recognition','Online session - facial recognition'),('student-108',180,'2025-08-27 20:15:05',826,-37.81074620201117,144.96483179469698,'on_time','manual_entry','Manual entry - technical issues with QR code'),('student-108',183,'2025-08-25 20:32:05',790,-37.80870699720132,144.95993470975780,'very_late','qr_scan',NULL),('student-108',184,'2025-08-25 20:18:05',778,-37.81661714733990,144.96181284456338,'on_time','qr_scan',NULL),('student-108',187,'2025-09-03 20:31:05',839,-37.81400007895362,144.96425615123525,'very_late','qr_scan',NULL),('student-108',188,'2025-09-03 20:25:05',827,-37.81799294194746,144.96347343981245,'late','qr_scan',NULL),('student-108',191,'2025-09-01 20:18:05',791,-37.81157380036952,144.96640231868503,'on_time','qr_scan',NULL),('student-108',196,'2025-09-10 20:25:05',828,-37.81833872596373,144.96183328735470,'late','geofence','Online session - geofence verification'),('student-108',196,'2025-09-10 20:38:05',955,-37.81181057136470,144.96329242188446,'late','geofence','Online session - geofence verification'),('student-108',199,'2025-09-08 20:18:05',792,-37.81151057430479,144.96607865322602,'on_time','geofence','Online session - geofence verification'),('student-108',200,'2025-09-08 20:36:05',907,-37.81047835854653,144.96474669549713,'late','qr_scan',NULL),('student-108',203,'2025-09-17 20:33:05',841,-37.81103505108397,144.96600127015478,'very_late','manual_entry','Manual entry - technical issues with QR code'),('student-108',204,'2025-09-17 20:29:05',829,-37.81144685191963,144.96111099411493,'late','qr_scan',NULL),('student-108',207,'2025-09-15 20:17:05',793,-37.81538438303693,144.95850796197988,'on_time','manual_entry','Manual entry - technical issues with QR code'),('student-108',208,'2025-09-15 20:31:05',781,-37.80957095365726,144.96751364128087,'very_late','qr_scan',NULL),('student-108',211,'2025-09-24 20:20:05',842,-37.81674541811882,144.96698652870327,'late','facial_recognition','Online session - facial recognition'),('student-108',215,'2025-09-22 20:27:05',794,-37.81404031365350,144.96129394530095,'late','manual_entry','Manual entry - technical issues with QR code'),('student-108',215,'2025-09-22 20:30:05',921,-37.81019959698245,144.96444036409326,'on_time','qr_scan',NULL),('student-108',216,'2025-09-22 20:23:05',782,-37.80886235600027,144.96318811611224,'late','qr_scan',NULL),('student-109',125,'2025-07-08 20:28:05',807,-37.81009292466370,144.95902360959474,'late','qr_scan',NULL),('student-109',125,'2025-07-08 20:31:05',934,-37.81625429723790,144.96187951335514,'on_time','qr_scan',NULL),('student-109',126,'2025-07-08 20:17:05',795,-37.81309958863156,144.96077982218665,'on_time','geofence','Online session - geofence verification'),('student-109',142,'2025-07-22 20:24:05',797,-37.81796856301443,144.96547339535482,'late','qr_scan',NULL),('student-109',149,'2025-07-29 20:17:05',810,-37.81705543677775,144.96091742140914,'on_time','qr_scan',NULL),('student-109',150,'2025-07-29 20:20:05',798,-37.81678959365431,144.96707054962718,'late','facial_recognition','Online session - facial recognition'),('student-109',150,'2025-07-29 20:35:05',925,-37.81388586948783,144.96343483796318,'late','facial_recognition','Online session - facial recognition'),('student-109',157,'2025-08-05 20:36:05',938,-37.81254919305476,144.96468663849030,'late','qr_scan',NULL),('student-109',158,'2025-08-05 20:20:05',799,-37.81206513177591,144.96076775316806,'late','qr_scan',NULL),('student-109',165,'2025-08-12 20:34:05',939,-37.81103321980577,144.95817542293526,'on_time','qr_scan',NULL),('student-109',166,'2025-08-12 20:30:05',800,-37.81177020319698,144.96674938588686,'very_late','qr_scan',NULL),('student-109',181,'2025-08-26 20:24:05',814,-37.81037300964648,144.96357975718553,'late','manual_entry','Manual entry - technical issues with QR code'),('student-109',182,'2025-08-26 20:17:05',802,-37.81234747827998,144.96344973738283,'on_time','facial_recognition','Online session - facial recognition'),('student-109',182,'2025-08-26 20:35:05',929,-37.80972278157950,144.96326075418810,'late','qr_scan',NULL),('student-109',189,'2025-09-02 20:24:05',815,-37.81302093626076,144.96059453054974,'late','qr_scan',NULL),('student-109',190,'2025-09-02 20:36:05',930,-37.81251418793603,144.96605652868968,'late','manual_entry','Manual entry - technical issues with QR code'),('student-109',197,'2025-09-09 20:16:05',816,-37.81503815503124,144.96194142002450,'on_time','manual_entry','Manual entry - technical issues with QR code'),('student-109',198,'2025-09-09 20:19:05',804,-37.81148269223914,144.96603802731480,'on_time','geofence','Online session - geofence verification'),('student-109',205,'2025-09-16 20:18:05',817,-37.81430129116597,144.96291836727337,'on_time','qr_scan',NULL),('student-109',206,'2025-09-16 20:35:05',932,-37.81818310545383,144.96045536810230,'late','manual_entry','Manual entry - technical issues with QR code'),('student-109',213,'2025-09-23 20:32:05',818,-37.81580225142054,144.96438970412190,'very_late','facial_recognition','Online session - facial recognition'),('student-109',214,'2025-09-23 20:16:05',806,-37.81138570132590,144.96019296264880,'on_time','qr_scan',NULL),('student-110',122,'2025-07-10 20:18:05',843,-37.81128485644151,144.95811303525642,'on_time','geofence','Online session - geofence verification'),('student-110',129,'2025-07-17 20:23:05',856,-37.81352989212734,144.95967822055889,'late','qr_scan',NULL),('student-110',130,'2025-07-17 20:21:05',844,-37.81856167324480,144.96702753512497,'late','qr_scan',NULL),('student-110',131,'2025-07-16 20:32:05',832,-37.81628746853591,144.96220346620166,'very_late','qr_scan',NULL),('student-110',131,'2025-07-16 20:36:05',959,-37.81673033359883,144.96507758693897,'late','manual_entry','Manual entry - technical issues with QR code'),('student-110',132,'2025-07-16 20:25:05',820,-37.80926714149031,144.96754384141772,'late','qr_scan',NULL),('student-110',137,'2025-07-24 20:28:05',857,-37.81427233657993,144.96735787299800,'late','qr_scan',NULL),('student-110',138,'2025-07-24 20:29:05',845,-37.81714908635705,144.96269478327500,'late','qr_scan',NULL),('student-110',139,'2025-07-23 20:23:05',833,-37.81230418290021,144.96587552252427,'late','qr_scan',NULL),('student-110',140,'2025-07-23 20:14:05',821,-37.81394309894344,144.96123933437983,'on_time','qr_scan',NULL),('student-110',140,'2025-07-23 20:38:05',948,-37.81408090612095,144.96355510248790,'late','qr_scan',NULL),('student-110',145,'2025-07-31 20:31:05',858,-37.81223028038632,144.96346232915275,'very_late','facial_recognition','Online session - facial recognition'),('student-110',145,'2025-07-31 20:37:05',985,-37.80917048984856,144.96115390968270,'late','geofence','Online session - geofence verification'),('student-110',155,'2025-08-06 20:17:05',835,-37.81125493843952,144.95930544315428,'on_time','qr_scan',NULL),('student-110',155,'2025-08-06 20:38:05',962,-37.81544704907876,144.96553447126580,'late','qr_scan',NULL),('student-110',156,'2025-08-06 20:31:05',950,-37.80919218777399,144.96739049150952,'on_time','qr_scan',NULL),('student-110',161,'2025-08-14 20:26:05',860,-37.81110296193408,144.96671337317954,'late','qr_scan',NULL),('student-110',162,'2025-08-14 20:22:05',848,-37.81270961930092,144.96514888298833,'late','manual_entry','Manual entry - technical issues with QR code'),('student-110',162,'2025-08-14 20:37:05',975,-37.81210928711101,144.96560968104927,'late','qr_scan',NULL),('student-110',170,'2025-08-21 20:18:05',849,-37.81722961054652,144.95868624235035,'on_time','qr_scan',NULL),('student-110',171,'2025-08-20 20:18:05',837,-37.81787369688570,144.96553929312324,'on_time','qr_scan',NULL),('student-110',171,'2025-08-20 20:33:05',964,-37.81705289764782,144.96237409878398,'on_time','qr_scan',NULL),('student-110',172,'2025-08-20 20:27:05',825,-37.81590763423937,144.96198085176600,'late','geofence','Online session - geofence verification'),('student-110',172,'2025-08-20 20:35:05',952,-37.81807247352402,144.96041091213627,'late','manual_entry','Manual entry - technical issues with QR code'),('student-110',177,'2025-08-28 20:14:05',862,-37.81643969364859,144.95811131833530,'on_time','facial_recognition','Online session - facial recognition'),('student-110',179,'2025-08-27 20:26:05',838,-37.81006271463620,144.96219695617305,'late','qr_scan',NULL),('student-110',179,'2025-08-27 20:34:05',965,-37.81430214489075,144.96368749476036,'on_time','qr_scan',NULL),('student-110',187,'2025-09-03 20:26:05',839,-37.81736041310724,144.96498839479992,'late','qr_scan',NULL),('student-110',188,'2025-09-03 20:32:05',827,-37.81818904067948,144.96282537612052,'very_late','qr_scan',NULL),('student-110',194,'2025-09-11 20:14:05',852,-37.80983438849229,144.96174021813835,'on_time','qr_scan',NULL),('student-110',195,'2025-09-10 20:17:05',840,-37.81756278854363,144.95865566930263,'on_time','manual_entry','Manual entry - technical issues with QR code'),('student-110',196,'2025-09-10 20:30:05',828,-37.81118177909309,144.96055146553260,'very_late','qr_scan',NULL),('student-110',201,'2025-09-18 20:26:05',865,-37.81225006209692,144.96069451994913,'late','qr_scan',NULL),('student-110',202,'2025-09-18 20:30:05',980,-37.81805649429174,144.96732914075594,'on_time','qr_scan',NULL),('student-110',203,'2025-09-17 20:14:05',841,-37.81726595514926,144.96370909003542,'on_time','qr_scan',NULL),('student-110',209,'2025-09-25 20:18:05',866,-37.81693810851755,144.95936695492423,'on_time','facial_recognition','Online session - facial recognition'),('student-110',211,'2025-09-24 20:29:05',842,-37.81678216874095,144.96413444130720,'late','facial_recognition','Online session - facial recognition'),('student-110',211,'2025-09-24 20:30:05',969,-37.81141612752268,144.95967642565813,'on_time','qr_scan',NULL),('student-111',125,'2025-07-08 20:19:05',807,-37.81232405208994,144.96133989120614,'on_time','geofence','Online session - geofence verification'),('student-111',125,'2025-07-08 20:36:05',934,-37.81436260495536,144.96539571285405,'late','geofence','Online session - geofence verification'),('student-111',126,'2025-07-08 20:26:05',795,-37.81704403398079,144.96653007213288,'late','geofence','Online session - geofence verification'),('student-111',133,'2025-07-15 20:24:05',808,-37.81060261305273,144.96289221936760,'late','qr_scan',NULL),('student-111',134,'2025-07-15 20:19:05',796,-37.80902062966192,144.96713755584642,'on_time','qr_scan',NULL),('student-111',142,'2025-07-22 20:19:05',797,-37.80980227373317,144.96385919704116,'on_time','qr_scan',NULL),('student-111',149,'2025-07-29 20:31:05',810,-37.81288613019575,144.96022487579520,'very_late','qr_scan',NULL),('student-111',150,'2025-07-29 20:14:05',798,-37.81588459562853,144.96108902679512,'on_time','facial_recognition','Online session - facial recognition'),('student-111',165,'2025-08-12 20:22:05',812,-37.81711026643860,144.96302727630300,'late','qr_scan',NULL),('student-111',166,'2025-08-12 20:32:05',927,-37.81357046858535,144.96163322512800,'on_time','qr_scan',NULL),('student-111',174,'2025-08-19 20:25:05',801,-37.81458181728831,144.96138291794590,'late','geofence','Online session - geofence verification'),('student-111',182,'2025-08-26 20:21:05',802,-37.81304137354795,144.96417393717027,'late','facial_recognition','Online session - facial recognition'),('student-111',189,'2025-09-02 20:16:05',815,-37.80983779595945,144.95832986696124,'on_time','qr_scan',NULL),('student-111',189,'2025-09-02 20:36:05',942,-37.81339447887726,144.96273904668078,'late','qr_scan',NULL),('student-111',190,'2025-09-02 20:26:05',803,-37.81678139492365,144.95883999481345,'late','manual_entry','Manual entry - technical issues with QR code'),('student-111',190,'2025-09-02 20:32:05',930,-37.81439336209763,144.96786383364739,'on_time','qr_scan',NULL),('student-111',197,'2025-09-09 20:16:05',816,-37.80874685700661,144.96411501172037,'on_time','qr_scan',NULL),('student-111',198,'2025-09-09 20:29:05',804,-37.81422970870699,144.96632049770338,'late','geofence','Online session - geofence verification'),('student-111',206,'2025-09-16 20:28:05',805,-37.81587039268918,144.95994072452768,'late','qr_scan',NULL),('student-111',206,'2025-09-16 20:34:05',932,-37.81235506172307,144.96263064598566,'on_time','qr_scan',NULL),('student-111',213,'2025-09-23 20:33:05',945,-37.81578299983738,144.95827582246120,'on_time','facial_recognition','Online session - facial recognition'),('student-111',214,'2025-09-23 20:29:05',806,-37.81591225224893,144.96804663904416,'late','qr_scan',NULL),('student-112',123,'2025-07-09 20:16:05',831,-37.81779566681534,144.95880819772844,'on_time','geofence','Online session - geofence verification'),('student-112',123,'2025-07-09 20:38:05',958,-37.81362203790939,144.96444721819900,'late','geofence','Online session - geofence verification'),('student-112',124,'2025-07-09 20:14:05',819,-37.80989761584224,144.96078945807840,'on_time','qr_scan',NULL),('student-112',132,'2025-07-16 20:29:05',820,-37.81740371834972,144.96076650239254,'late','manual_entry','Manual entry - technical issues with QR code'),('student-112',132,'2025-07-16 20:29:05',947,-37.81172425351993,144.96147037265615,'on_time','qr_scan',NULL),('student-112',139,'2025-07-23 20:27:05',833,-37.81544928017375,144.96398087679435,'late','qr_scan',NULL),('student-112',139,'2025-07-23 20:37:05',960,-37.81006758443813,144.96580581912036,'late','qr_scan',NULL),('student-112',147,'2025-07-30 20:29:05',834,-37.81239871590417,144.96607068580795,'late','facial_recognition','Online session - facial recognition'),('student-112',148,'2025-07-30 20:22:05',822,-37.81441727041474,144.96656437934644,'late','geofence','Online session - geofence verification'),('student-112',156,'2025-08-06 20:18:05',823,-37.81404643196785,144.96466527503074,'on_time','qr_scan',NULL),('student-112',171,'2025-08-20 20:19:05',837,-37.80980315022879,144.96377453763975,'on_time','geofence','Online session - geofence verification'),('student-112',179,'2025-08-27 20:18:05',838,-37.81284998896592,144.96062878389557,'on_time','qr_scan',NULL),('student-112',180,'2025-08-27 20:36:05',953,-37.81344674753142,144.96090772768220,'late','facial_recognition','Online session - facial recognition'),('student-112',187,'2025-09-03 20:38:05',966,-37.81540188931227,144.96536365436543,'late','manual_entry','Manual entry - technical issues with QR code'),('student-112',195,'2025-09-10 20:27:05',840,-37.81426736376441,144.95976351751580,'late','geofence','Online session - geofence verification'),('student-112',195,'2025-09-10 20:31:05',967,-37.81483724734991,144.95843627332218,'on_time','geofence','Online session - geofence verification'),('student-112',203,'2025-09-17 20:20:05',841,-37.81378339817895,144.96201507982641,'late','qr_scan',NULL),('student-112',204,'2025-09-17 20:21:05',829,-37.81575057209800,144.96053711116020,'late','qr_scan',NULL),('student-112',211,'2025-09-24 20:24:05',842,-37.81530493030614,144.95810462362542,'late','qr_scan',NULL),('student-112',212,'2025-09-24 20:27:05',830,-37.81826491701982,144.95921661375604,'late','qr_scan',NULL),('student-113',121,'2025-07-10 20:27:05',855,-37.81017203876560,144.95979002785504,'late','geofence','Online session - geofence verification'),('student-113',122,'2025-07-10 20:15:05',843,-37.81016111689430,144.95861554351163,'on_time','geofence','Online session - geofence verification'),('student-113',125,'2025-07-08 20:28:05',807,-37.81502288887540,144.96457038674583,'late','geofence','Online session - geofence verification'),('student-113',126,'2025-07-08 20:18:05',795,-37.81043689603753,144.96254922468108,'on_time','geofence','Online session - geofence verification'),('student-113',130,'2025-07-17 20:25:05',844,-37.81301372036414,144.95853877868953,'late','qr_scan',NULL),('student-113',133,'2025-07-15 20:24:05',808,-37.81116668999099,144.95886247918492,'late','qr_scan',NULL),('student-113',134,'2025-07-15 20:24:05',796,-37.81227062829777,144.96433983263620,'late','qr_scan',NULL),('student-113',138,'2025-07-24 20:32:05',845,-37.81785588070346,144.96385600904017,'very_late','qr_scan',NULL),('student-113',145,'2025-07-31 20:18:05',858,-37.80958021638671,144.96592257137618,'on_time','manual_entry','Manual entry - technical issues with QR code'),('student-113',146,'2025-07-31 20:38:05',973,-37.81553693708343,144.96550591719506,'late','geofence','Online session - geofence verification'),('student-113',150,'2025-07-29 20:24:05',798,-37.81385913437387,144.96672175114324,'late','geofence','Online session - geofence verification'),('student-113',154,'2025-08-07 20:18:05',847,-37.81436133685723,144.96294639141230,'on_time','qr_scan',NULL),('student-113',157,'2025-08-05 20:33:05',811,-37.81166607302564,144.96293223823350,'very_late','qr_scan',NULL),('student-113',162,'2025-08-14 20:27:05',848,-37.81772123364315,144.96233468078880,'late','qr_scan',NULL),('student-113',166,'2025-08-12 20:15:05',800,-37.81749322332935,144.96085864708493,'on_time','qr_scan',NULL),('student-113',169,'2025-08-21 20:27:05',861,-37.81811787913173,144.96000556254415,'late','geofence','Online session - geofence verification'),('student-113',170,'2025-08-21 20:18:05',849,-37.81335267203968,144.96731216485950,'on_time','qr_scan',NULL),('student-113',173,'2025-08-19 20:25:05',813,-37.81255390902083,144.96112732689588,'late','geofence','Online session - geofence verification'),('student-113',173,'2025-08-19 20:29:05',940,-37.81205434381948,144.96003600385630,'on_time','geofence','Online session - geofence verification'),('student-113',174,'2025-08-19 20:17:05',801,-37.81192284550492,144.96563140484685,'on_time','geofence','Online session - geofence verification'),('student-113',178,'2025-08-28 20:29:05',850,-37.81092775300026,144.96263771592540,'late','facial_recognition','Online session - facial recognition'),('student-113',181,'2025-08-26 20:29:05',814,-37.81207152406673,144.96795564627672,'late','facial_recognition','Online session - facial recognition'),('student-113',181,'2025-08-26 20:38:05',941,-37.81375703005266,144.96444191463360,'late','facial_recognition','Online session - facial recognition'),('student-113',182,'2025-08-26 20:33:05',929,-37.81785874910248,144.95868053262586,'on_time','qr_scan',NULL),('student-113',185,'2025-09-04 20:31:05',863,-37.81284032141850,144.96054615665864,'very_late','qr_scan',NULL),('student-113',185,'2025-09-04 20:34:05',990,-37.81406373361299,144.96304262546760,'on_time','qr_scan',NULL),('student-113',189,'2025-09-02 20:21:05',815,-37.81506809675402,144.96488747338876,'late','qr_scan',NULL),('student-113',190,'2025-09-02 20:32:05',803,-37.81832841915649,144.96245546974126,'very_late','qr_scan',NULL),('student-113',198,'2025-09-09 20:24:05',804,-37.81609193491181,144.96475057997839,'late','geofence','Online session - geofence verification'),('student-113',201,'2025-09-18 20:31:05',992,-37.81612161525891,144.96152198925412,'on_time','qr_scan',NULL),('student-113',202,'2025-09-18 20:30:05',853,-37.81091648244180,144.96118291442048,'very_late','qr_scan',NULL),('student-113',210,'2025-09-25 20:31:05',854,-37.81395914456040,144.96551447629167,'very_late','qr_scan',NULL),('student-113',213,'2025-09-23 20:19:05',818,-37.81346932147748,144.96514191108890,'on_time','manual_entry','Manual entry - technical issues with QR code'),('student-114',124,'2025-07-09 20:31:05',819,-37.81745882835729,144.96790890691260,'very_late','qr_scan',NULL),('student-114',124,'2025-07-09 20:32:05',946,-37.80996941030749,144.95967056011406,'on_time','geofence','Online session - geofence verification'),('student-114',131,'2025-07-16 20:28:05',832,-37.80935375298108,144.96272457200013,'late','qr_scan',NULL),('student-114',132,'2025-07-16 20:15:05',820,-37.81423685302217,144.96775924601970,'on_time','qr_scan',NULL),('student-114',139,'2025-07-23 20:18:05',833,-37.81786420446417,144.96542349620880,'on_time','qr_scan',NULL),('student-114',140,'2025-07-23 20:15:05',821,-37.81182900196838,144.95931107559764,'on_time','qr_scan',NULL),('student-114',148,'2025-07-30 20:20:05',822,-37.81054410611125,144.96795325869158,'late','facial_recognition','Online session - facial recognition'),('student-114',155,'2025-08-06 20:33:05',835,-37.80891625683449,144.96728958032430,'very_late','qr_scan',NULL),('student-114',156,'2025-08-06 20:26:05',823,-37.81543435359675,144.96553063620982,'late','qr_scan',NULL),('student-114',163,'2025-08-13 20:29:05',836,-37.81658878580144,144.96518320839058,'late','qr_scan',NULL),('student-114',164,'2025-08-13 20:31:05',824,-37.80948304928587,144.96760476807495,'very_late','qr_scan',NULL),('student-114',171,'2025-08-20 20:32:05',964,-37.81141772991905,144.96221943719175,'on_time','geofence','Online session - geofence verification'),('student-114',172,'2025-08-20 20:15:05',825,-37.80865583168944,144.96486648334297,'on_time','geofence','Online session - geofence verification'),('student-114',179,'2025-08-27 20:32:05',838,-37.81786624956472,144.96361950637765,'very_late','facial_recognition','Online session - facial recognition'),('student-114',188,'2025-09-03 20:17:05',827,-37.81304453525771,144.96051504932046,'on_time','qr_scan',NULL),('student-114',195,'2025-09-10 20:17:05',840,-37.81651981894329,144.96367737461810,'on_time','geofence','Online session - geofence verification'),('student-114',195,'2025-09-10 20:29:05',967,-37.81499570069164,144.96325132130602,'on_time','geofence','Online session - geofence verification'),('student-114',203,'2025-09-17 20:21:05',841,-37.81456312807497,144.96663616780464,'late','qr_scan',NULL),('student-114',203,'2025-09-17 20:31:05',968,-37.81267699576028,144.96070696615334,'on_time','qr_scan',NULL),('student-114',212,'2025-09-24 20:33:05',830,-37.81463716126275,144.95929641467110,'very_late','facial_recognition','Online session - facial recognition'),('student-114',212,'2025-09-24 20:30:05',957,-37.80923785674110,144.95908150309268,'on_time','facial_recognition','Online session - facial recognition'),('student-115',126,'2025-07-08 20:24:05',795,-37.81468850821489,144.96134830306065,'late','geofence','Online session - geofence verification'),('student-115',142,'2025-07-22 20:26:05',797,-37.81044035840615,144.95947682655955,'late','qr_scan',NULL),('student-115',150,'2025-07-29 20:31:05',798,-37.81243076411098,144.96324955194214,'very_late','facial_recognition','Online session - facial recognition'),('student-115',158,'2025-08-05 20:36:05',926,-37.81829944012323,144.96783579752235,'late','qr_scan',NULL),('student-115',165,'2025-08-12 20:33:05',812,-37.81791801927213,144.96220337693440,'very_late','manual_entry','Manual entry - technical issues with QR code'),('student-115',173,'2025-08-19 20:25:05',813,-37.81004594091125,144.96314080915360,'late','geofence','Online session - geofence verification'),('student-115',173,'2025-08-19 20:33:05',940,-37.81669293296011,144.96441360358216,'on_time','geofence','Online session - geofence verification'),('student-115',174,'2025-08-19 20:25:05',801,-37.81380872761981,144.96545558906323,'late','qr_scan',NULL),('student-115',174,'2025-08-19 20:37:05',928,-37.81082743396855,144.96174772178570,'late','geofence','Online session - geofence verification'),('student-115',181,'2025-08-26 20:31:05',814,-37.81319300670269,144.95844372399594,'very_late','qr_scan',NULL),('student-115',182,'2025-08-26 20:30:05',929,-37.81237195117415,144.96428137598613,'on_time','qr_scan',NULL),('student-115',190,'2025-09-02 20:38:05',930,-37.81408380259936,144.96090267666355,'late','manual_entry','Manual entry - technical issues with QR code'),('student-115',197,'2025-09-09 20:16:05',816,-37.81660592168048,144.96471433847304,'on_time','qr_scan',NULL),('student-115',198,'2025-09-09 20:31:05',804,-37.81232718926867,144.96338869882717,'very_late','geofence','Online session - geofence verification'),('student-115',205,'2025-09-16 20:25:05',817,-37.81278917471002,144.96041342201337,'late','qr_scan',NULL),('student-115',206,'2025-09-16 20:23:05',805,-37.81368171395872,144.95854716185000,'late','qr_scan',NULL),('student-115',213,'2025-09-23 20:29:05',818,-37.81824322043550,144.96599829424386,'late','qr_scan',NULL),('student-115',213,'2025-09-23 20:29:05',945,-37.80953362191779,144.96108849566187,'on_time','facial_recognition','Online session - facial recognition'),('student-115',214,'2025-09-23 20:29:05',806,-37.81643270219139,144.96631839066058,'late','facial_recognition','Online session - facial recognition'),('yU2bBfHbEIY3oNdpToqayHlNyKA5o0oc',1,'2025-01-15 10:00:00',531,51.52156300000000,-0.13034600000000,'on_time','qr_scan',NULL),('yU2bBfHbEIY3oNdpToqayHlNyKA5o0oc',3,'2025-01-15 10:00:00',531,51.52156300000000,-0.13034600000000,'on_time','qr_scan',NULL),('yU2bBfHbEIY3oNdpToqayHlNyKA5o0oc',16,'2025-01-15 10:00:00',531,51.52156300000000,-0.13034600000000,'on_time','qr_scan',NULL),('yU2bBfHbEIY3oNdpToqayHlNyKA5o0oc',18,'2025-01-15 10:00:00',531,51.52156300000000,-0.13034600000000,'on_time','qr_scan',NULL),('yU2bBfHbEIY3oNdpToqayHlNyKA5o0oc',31,'2025-01-15 10:00:00',531,51.52156300000000,-0.13034600000000,'on_time','qr_scan',NULL),('yU2bBfHbEIY3oNdpToqayHlNyKA5o0oc',33,'2025-01-15 10:00:00',531,51.52156300000000,-0.13034600000000,'on_time','qr_scan',NULL),('yU2bBfHbEIY3oNdpToqayHlNyKA5o0oc',46,'2025-01-15 10:00:00',531,51.52156300000000,-0.13034600000000,'on_time','qr_scan',NULL),('yU2bBfHbEIY3oNdpToqayHlNyKA5o0oc',48,'2025-01-15 10:00:00',531,51.52156300000000,-0.13034600000000,'on_time','qr_scan',NULL),('yU2bBfHbEIY3oNdpToqayHlNyKA5o0oc',61,'2025-01-15 10:00:00',531,51.52156300000000,-0.13034600000000,'on_time','qr_scan',NULL),('yU2bBfHbEIY3oNdpToqayHlNyKA5o0oc',63,'2025-01-15 10:00:00',531,51.52156300000000,-0.13034600000000,'on_time','qr_scan',NULL);
/*!40000 ALTER TABLE `checkin` ENABLE KEYS */;
UNLOCK TABLES;

--
-- Table structure for table `course_lecturers`
--

DROP TABLE IF EXISTS `course_lecturers`;
/*!40101 SET @saved_cs_client     = @@character_set_client */;
/*!50503 SET character_set_client = utf8mb4 */;
CREATE TABLE `course_lecturers` (
  `id` int NOT NULL AUTO_INCREMENT,
  `course_id` int NOT NULL,
  `lecturer_id` varchar(36) NOT NULL,
  PRIMARY KEY (`id`),
  UNIQUE KEY `course_id` (`course_id`,`lecturer_id`),
  KEY `lecturer_id` (`lecturer_id`),
  CONSTRAINT `course_lecturers_ibfk_1` FOREIGN KEY (`course_id`) REFERENCES `courses` (`id`),
  CONSTRAINT `course_lecturers_ibfk_2` FOREIGN KEY (`lecturer_id`) REFERENCES `user` (`id`)
) ENGINE=InnoDB AUTO_INCREMENT=5 DEFAULT CHARSET=utf8mb4 COLLATE=utf8mb4_general_ci;
/*!40101 SET character_set_client = @saved_cs_client */;

--
-- Dumping data for table `course_lecturers`
--

LOCK TABLES `course_lecturers` WRITE;
/*!40000 ALTER TABLE `course_lecturers` DISABLE KEYS */;
INSERT INTO `course_lecturers` VALUES (2,1,'QjZgQ0bUhFk3OEW9LyONty1eOU38vCcW'),(1,1,'test-lecturer-1'),(4,2,'QjZgQ0bUhFk3OEW9LyONty1eOU38vCcW');
/*!40000 ALTER TABLE `course_lecturers` ENABLE KEYS */;
UNLOCK TABLES;

--
-- Table structure for table `course_sessions`
--

DROP TABLE IF EXISTS `course_sessions`;
/*!40101 SET @saved_cs_client     = @@character_set_client */;
/*!50503 SET character_set_client = utf8mb4 */;
CREATE TABLE `course_sessions` (
  `id` int NOT NULL AUTO_INCREMENT,
  `course_id` int NOT NULL,
  `type` enum('lecture','lab') NOT NULL,
  `day_of_week` enum('Monday','Tuesday','Wednesday','Thursday','Friday','Saturday','Sunday') NOT NULL,
  `start_time` time NOT NULL,
  `end_time` time NOT NULL,
  `location_id` int DEFAULT NULL,
  PRIMARY KEY (`id`),
  KEY `course_id` (`course_id`),
  KEY `location_id` (`location_id`),
  CONSTRAINT `course_sessions_ibfk_1` FOREIGN KEY (`course_id`) REFERENCES `courses` (`id`),
  CONSTRAINT `course_sessions_ibfk_2` FOREIGN KEY (`location_id`) REFERENCES `locations` (`id`)
) ENGINE=InnoDB AUTO_INCREMENT=5 DEFAULT CHARSET=utf8mb4 COLLATE=utf8mb4_general_ci;
/*!40101 SET character_set_client = @saved_cs_client */;

--
-- Dumping data for table `course_sessions`
--

LOCK TABLES `course_sessions` WRITE;
/*!40000 ALTER TABLE `course_sessions` DISABLE KEYS */;
INSERT INTO `course_sessions` VALUES (1,1,'lecture','Monday','09:00:00','11:00:00',NULL),(2,1,'lecture','Wednesday','09:00:00','11:00:00',NULL),(3,1,'lab','Friday','14:00:00','16:00:00',NULL);
/*!40000 ALTER TABLE `course_sessions` ENABLE KEYS */;
UNLOCK TABLES;

--
-- Table structure for table `courses`
--

DROP TABLE IF EXISTS `courses`;
/*!40101 SET @saved_cs_client     = @@character_set_client */;
/*!50503 SET character_set_client = utf8mb4 */;
CREATE TABLE `courses` (
  `id` int NOT NULL AUTO_INCREMENT,
  `name` varchar(100) NOT NULL,
  `code` varchar(20) NOT NULL,
  `semester_id` int NOT NULL,
  `status` enum('active','finished') NOT NULL,
  PRIMARY KEY (`id`),
  UNIQUE KEY `code` (`code`),
  KEY `semester_id` (`semester_id`),
  CONSTRAINT `courses_ibfk_1` FOREIGN KEY (`semester_id`) REFERENCES `semesters` (`id`)
) ENGINE=InnoDB AUTO_INCREMENT=3 DEFAULT CHARSET=utf8mb4 COLLATE=utf8mb4_general_ci;
/*!40101 SET character_set_client = @saved_cs_client */;

--
-- Dumping data for table `courses`
--

LOCK TABLES `courses` WRITE;
/*!40000 ALTER TABLE `courses` DISABLE KEYS */;
INSERT INTO `courses` VALUES (1,'Computer Science Fundamentals','CS101',1,'active'),(2,'Machine Learning','CSCI475',1,'active');
/*!40000 ALTER TABLE `courses` ENABLE KEYS */;
UNLOCK TABLES;

--
-- Table structure for table `email_log`
--

DROP TABLE IF EXISTS `email_log`;
/*!40101 SET @saved_cs_client     = @@character_set_client */;
/*!50503 SET character_set_client = utf8mb4 */;
CREATE TABLE `email_log` (
  `id` int NOT NULL AUTO_INCREMENT,
  `study_session_id` int DEFAULT NULL,
  `week_number` int DEFAULT NULL,
  `student_id` varchar(36) DEFAULT NULL,
  `student_email` varchar(255) NOT NULL,
  `success` tinyint(1) DEFAULT '1',
  `error_message` text,
  `sent_at` timestamp NULL DEFAULT CURRENT_TIMESTAMP,
  PRIMARY KEY (`id`),
  KEY `idx_session_week` (`study_session_id`,`week_number`),
  KEY `idx_sent_at` (`sent_at`)
) ENGINE=InnoDB AUTO_INCREMENT=30 DEFAULT CHARSET=utf8mb4 COLLATE=utf8mb4_general_ci;
/*!40101 SET character_set_client = @saved_cs_client */;

--
-- Dumping data for table `email_log`
--

LOCK TABLES `email_log` WRITE;
/*!40000 ALTER TABLE `email_log` DISABLE KEYS */;
/*!40000 ALTER TABLE `email_log` ENABLE KEYS */;
UNLOCK TABLES;

--
-- Table structure for table `email_reminder_logs`
--

DROP TABLE IF EXISTS `email_reminder_logs`;
/*!40101 SET @saved_cs_client     = @@character_set_client */;
/*!50503 SET character_set_client = utf8mb4 */;
CREATE TABLE `email_reminder_logs` (
  `id` int NOT NULL AUTO_INCREMENT,
  `student_id` varchar(36) NOT NULL,
  `subject_id` int NOT NULL,
  `reminder_type` enum('first_absence','second_absence','critical_absence') NOT NULL,
  `session_type` enum('lecture','lab') NOT NULL,
  `missed_count` int NOT NULL,
  `total_sessions` int NOT NULL,
  `attendance_percentage` decimal(5,2) NOT NULL,
  `email_subject` text NOT NULL,
  `email_body` text NOT NULL,
  `sent_at` datetime NOT NULL DEFAULT CURRENT_TIMESTAMP,
  `email_status` enum('sent','failed','pending') NOT NULL DEFAULT 'pending',
  PRIMARY KEY (`id`),
  KEY `course_id` (`subject_id`),
  KEY `idx_student_course` (`student_id`,`subject_id`),
  KEY `idx_sent_at` (`sent_at`),
  CONSTRAINT `email_reminder_logs_ibfk_1` FOREIGN KEY (`student_id`) REFERENCES `user` (`id`),
  CONSTRAINT `email_reminder_logs_ibfk_2` FOREIGN KEY (`subject_id`) REFERENCES `courses` (`id`)
) ENGINE=InnoDB AUTO_INCREMENT=22 DEFAULT CHARSET=utf8mb4 COLLATE=utf8mb4_general_ci;
/*!40101 SET character_set_client = @saved_cs_client */;

--
-- Dumping data for table `email_reminder_logs`
--

LOCK TABLES `email_reminder_logs` WRITE;
/*!40000 ALTER TABLE `email_reminder_logs` DISABLE KEYS */;
INSERT INTO `email_reminder_logs` VALUES (19,'Lu7Q8RPLJQW6SzqWfMYvV45PGDXLg0gh',1,'critical_absence','lecture',7,7,0.00,'Attendance Notice - Software Engineering','Email sent via EmailJS','2025-09-07 21:52:10','sent'),(20,'test-student-1',1,'critical_absence','lecture',7,7,0.00,'Attendance Notice - Software Engineering','Email sent via EmailJS','2025-09-07 21:52:13','sent'),(21,'test-student-2',1,'critical_absence','lecture',7,7,0.00,'Attendance Notice - Software Engineering','Email sent via EmailJS','2025-09-07 21:52:16','sent');
/*!40000 ALTER TABLE `email_reminder_logs` ENABLE KEYS */;
UNLOCK TABLES;

--
-- Table structure for table `email_reminder_settings`
--

DROP TABLE IF EXISTS `email_reminder_settings`;
/*!40101 SET @saved_cs_client     = @@character_set_client */;
/*!50503 SET character_set_client = utf8mb4 */;
CREATE TABLE `email_reminder_settings` (
  `id` int NOT NULL AUTO_INCREMENT,
  `lecture_count` int NOT NULL DEFAULT '13',
  `lab_count` int NOT NULL DEFAULT '12',
  `attendance_threshold` decimal(3,2) NOT NULL DEFAULT '0.80',
  `email_enabled` tinyint(1) NOT NULL DEFAULT '1',
  `created_at` datetime NOT NULL DEFAULT CURRENT_TIMESTAMP,
  `updated_at` datetime NOT NULL DEFAULT CURRENT_TIMESTAMP ON UPDATE CURRENT_TIMESTAMP,
  `subject_id` int DEFAULT NULL,
  PRIMARY KEY (`id`),
  KEY `subject_id` (`subject_id`),
  CONSTRAINT `email_reminder_settings_ibfk_1` FOREIGN KEY (`subject_id`) REFERENCES `subject` (`id`)
) ENGINE=InnoDB AUTO_INCREMENT=2 DEFAULT CHARSET=utf8mb4 COLLATE=utf8mb4_general_ci;
/*!40101 SET character_set_client = @saved_cs_client */;

--
-- Dumping data for table `email_reminder_settings`
--

LOCK TABLES `email_reminder_settings` WRITE;
/*!40000 ALTER TABLE `email_reminder_settings` DISABLE KEYS */;
/*!40000 ALTER TABLE `email_reminder_settings` ENABLE KEYS */;
UNLOCK TABLES;

--
-- Table structure for table `enrollments`
--

DROP TABLE IF EXISTS `enrollments`;
/*!40101 SET @saved_cs_client     = @@character_set_client */;
/*!50503 SET character_set_client = utf8mb4 */;
CREATE TABLE `enrollments` (
  `id` int NOT NULL AUTO_INCREMENT,
  `student_id` varchar(36) NOT NULL,
  `course_id` int NOT NULL,
  PRIMARY KEY (`id`),
  UNIQUE KEY `student_id` (`student_id`,`course_id`),
  KEY `course_id` (`course_id`),
  CONSTRAINT `enrollments_ibfk_1` FOREIGN KEY (`student_id`) REFERENCES `user` (`id`),
  CONSTRAINT `enrollments_ibfk_2` FOREIGN KEY (`course_id`) REFERENCES `courses` (`id`)
) ENGINE=InnoDB AUTO_INCREMENT=3 DEFAULT CHARSET=utf8mb4 COLLATE=utf8mb4_general_ci;
/*!40101 SET character_set_client = @saved_cs_client */;

--
-- Dumping data for table `enrollments`
--

LOCK TABLES `enrollments` WRITE;
/*!40000 ALTER TABLE `enrollments` DISABLE KEYS */;
INSERT INTO `enrollments` VALUES (1,'test-student-1',1),(2,'test-student-2',1);
/*!40000 ALTER TABLE `enrollments` ENABLE KEYS */;
UNLOCK TABLES;

--
-- Table structure for table `enrolment`
--

DROP TABLE IF EXISTS `enrolment`;
/*!40101 SET @saved_cs_client     = @@character_set_client */;
/*!50503 SET character_set_client = utf8mb4 */;
CREATE TABLE `enrolment` (
  `student_id` varchar(36) NOT NULL,
  `subject_id` int NOT NULL,
  `date` date DEFAULT (curdate()),
  PRIMARY KEY (`student_id`,`subject_id`),
  KEY `fk_enrol_subject` (`subject_id`),
  CONSTRAINT `fk_enrol_subject` FOREIGN KEY (`subject_id`) REFERENCES `subject` (`id`),
  CONSTRAINT `fk_enrol_user` FOREIGN KEY (`student_id`) REFERENCES `user` (`id`)
) ENGINE=InnoDB DEFAULT CHARSET=utf8mb4 COLLATE=utf8mb4_general_ci;
/*!40101 SET character_set_client = @saved_cs_client */;

--
-- Dumping data for table `enrolment`
--

LOCK TABLES `enrolment` WRITE;
/*!40000 ALTER TABLE `enrolment` DISABLE KEYS */;
INSERT INTO `enrolment` VALUES ('stu-001',1,'2025-01-10'),('stu-001',2,'2025-01-10'),('stu-001',3,'2025-01-10'),('stu-001',5,'2025-01-10'),('stu-002',1,'2025-01-10'),('stu-002',2,'2025-01-10'),('stu-002',3,'2025-01-10'),('stu-002',4,'2025-01-10'),('stu-003',1,'2025-01-10'),('stu-003',4,'2025-01-10'),('stu-003',5,'2025-01-10'),('stu-004',1,'2025-01-10'),('stu-004',2,'2025-01-10'),('stu-004',3,'2025-01-10'),('stu-005',1,'2025-01-10'),('stu-005',3,'2025-01-10'),('stu-005',5,'2025-01-10'),('stu-006',1,'2025-01-10'),('stu-006',2,'2025-01-10'),('stu-006',4,'2025-01-10'),('stu-007',1,'2025-01-11'),('stu-007',4,'2025-01-11'),('stu-007',5,'2025-01-11'),('stu-008',2,'2025-01-11'),('stu-008',3,'2025-01-11'),('stu-008',5,'2025-01-11'),('stu-009',1,'2025-01-11'),('stu-009',2,'2025-01-11'),('stu-009',3,'2025-01-11'),('stu-010',1,'2025-01-11'),('stu-010',2,'2025-01-11'),('stu-010',3,'2025-01-11'),('stu-010',5,'2025-01-11'),('stu-011',6,'2025-01-12'),('stu-011',7,'2025-01-12'),('stu-011',9,'2025-01-12'),('stu-012',6,'2025-01-12'),('stu-012',7,'2025-01-12'),('stu-012',10,'2025-01-12'),('stu-013',6,'2025-01-12'),('stu-013',9,'2025-01-12'),('stu-013',10,'2025-01-12'),('stu-014',6,'2025-01-12'),('stu-014',7,'2025-01-12'),('stu-014',9,'2025-01-12'),('stu-015',7,'2025-01-13'),('stu-015',9,'2025-01-13'),('stu-015',10,'2025-01-13'),('stu-016',6,'2025-01-13'),('stu-016',7,'2025-01-13'),('stu-016',9,'2025-01-13'),('stu-017',6,'2025-01-13'),('stu-017',7,'2025-01-13'),('stu-017',10,'2025-01-13'),('stu-018',6,'2025-01-13'),('stu-018',7,'2025-01-13'),('stu-018',9,'2025-01-13'),('stu-019',6,'2025-01-14'),('stu-019',7,'2025-01-14'),('stu-019',9,'2025-01-14'),('stu-020',6,'2025-01-14'),('stu-020',7,'2025-01-14'),('stu-020',10,'2025-01-14'),('stu-021',1,'2025-01-15'),('stu-021',3,'2025-01-15'),('stu-021',8,'2025-01-15'),('stu-022',3,'2025-01-15'),('stu-022',5,'2025-01-15'),('stu-022',8,'2025-01-15'),('stu-023',1,'2025-01-15'),('stu-023',2,'2025-01-15'),('stu-023',8,'2025-01-15'),('stu-024',1,'2025-01-15'),('stu-024',4,'2025-01-15'),('stu-024',8,'2025-01-15'),('stu-025',1,'2025-01-16'),('stu-025',3,'2025-01-16'),('stu-025',8,'2025-01-16'),('stu-026',2,'2025-01-16'),('stu-026',5,'2025-01-16'),('stu-026',8,'2025-01-16'),('stu-027',1,'2025-01-16'),('stu-027',2,'2025-01-16'),('stu-027',8,'2025-01-16'),('stu-028',3,'2025-01-16'),('stu-028',4,'2025-01-16'),('stu-028',8,'2025-01-16'),('stu-029',1,'2025-01-17'),('stu-029',2,'2025-01-17'),('stu-029',8,'2025-01-17'),('stu-030',3,'2025-01-17'),('stu-030',5,'2025-01-17'),('stu-030',8,'2025-01-17'),('student-101',3,'2024-02-01'),('student-101',4,'2024-02-01'),('student-101',8,'2024-02-01'),('student-102',2,'2024-02-01'),('student-102',8,'2024-02-01'),('student-103',3,'2024-02-01'),('student-103',8,'2024-02-01'),('student-104',2,'2024-02-01'),('student-104',4,'2024-02-01'),('student-104',8,'2024-02-01'),('student-105',3,'2024-02-01'),('student-105',8,'2024-02-01'),('student-106',2,'2024-02-01'),('student-106',8,'2024-02-01'),('student-107',3,'2024-02-01'),('student-107',4,'2024-02-01'),('student-107',8,'2024-02-01'),('student-108',2,'2024-02-01'),('student-108',8,'2024-02-01'),('student-109',3,'2024-02-01'),('student-110',2,'2024-02-01'),('student-110',4,'2024-02-01'),('student-111',3,'2024-02-01'),('student-112',2,'2024-02-01'),('student-113',3,'2024-02-01'),('student-113',4,'2024-02-01'),('student-114',2,'2024-02-01'),('student-115',3,'2024-02-01'),('yU2bBfHbEIY3oNdpToqayHlNyKA5o0oc',1,'2025-09-22'),('yU2bBfHbEIY3oNdpToqayHlNyKA5o0oc',2,'2025-09-22'),('yU2bBfHbEIY3oNdpToqayHlNyKA5o0oc',3,'2025-09-22'),('yU2bBfHbEIY3oNdpToqayHlNyKA5o0oc',4,'2025-09-22');
/*!40000 ALTER TABLE `enrolment` ENABLE KEYS */;
UNLOCK TABLES;

--
-- Table structure for table `lecturer_study_session`
--

DROP TABLE IF EXISTS `lecturer_study_session`;
/*!40101 SET @saved_cs_client     = @@character_set_client */;
/*!50503 SET character_set_client = utf8mb4 */;
CREATE TABLE `lecturer_study_session` (
  `lecturer_id` varchar(36) NOT NULL,
  `study_session_id` int NOT NULL,
  PRIMARY KEY (`lecturer_id`,`study_session_id`),
  KEY `fk_lectsess_session` (`study_session_id`),
  CONSTRAINT `fk_lectsess_lect` FOREIGN KEY (`lecturer_id`) REFERENCES `user` (`id`),
  CONSTRAINT `fk_lectsess_session` FOREIGN KEY (`study_session_id`) REFERENCES `study_session` (`id`)
) ENGINE=InnoDB DEFAULT CHARSET=utf8mb4 COLLATE=utf8mb4_general_ci;
/*!40101 SET character_set_client = @saved_cs_client */;

--
-- Dumping data for table `lecturer_study_session`
--

LOCK TABLES `lecturer_study_session` WRITE;
/*!40000 ALTER TABLE `lecturer_study_session` DISABLE KEYS */;
INSERT INTO `lecturer_study_session` VALUES ('lec-001',1),('lec-002',2),('lec-001',3),('lec-005',4),('lec-003',5),('lec-002',6),('lec-004',7),('lec-001',8),('lec-005',9),('lec-002',10),('lec-005',11),('lec-004',12),('lec-003',13),('lec-004',14),('lec-001',15),('gCXLCluWIrqW8CkuaBmdkae5J3eVhs2a',16),('gCXLCluWIrqW8CkuaBmdkae5J3eVhs2a',17),('gCXLCluWIrqW8CkuaBmdkae5J3eVhs2a',18),('gCXLCluWIrqW8CkuaBmdkae5J3eVhs2a',19),('gCXLCluWIrqW8CkuaBmdkae5J3eVhs2a',20),('gCXLCluWIrqW8CkuaBmdkae5J3eVhs2a',21),('gCXLCluWIrqW8CkuaBmdkae5J3eVhs2a',22),('gCXLCluWIrqW8CkuaBmdkae5J3eVhs2a',23);
/*!40000 ALTER TABLE `lecturer_study_session` ENABLE KEYS */;
UNLOCK TABLES;

--
-- Table structure for table `locations`
--

DROP TABLE IF EXISTS `locations`;
/*!40101 SET @saved_cs_client     = @@character_set_client */;
/*!50503 SET character_set_client = utf8mb4 */;
CREATE TABLE `locations` (
  `id` int NOT NULL AUTO_INCREMENT,
  `building_name` varchar(100) NOT NULL,
  `room_number` varchar(20) NOT NULL,
  `description` varchar(240) NOT NULL,
  `latitude` decimal(10,7) NOT NULL,
  `longitude` decimal(10,7) NOT NULL,
  PRIMARY KEY (`id`),
  UNIQUE KEY `unique_building_room` (`building_name`,`room_number`,`description`)
) ENGINE=InnoDB DEFAULT CHARSET=utf8mb4 COLLATE=utf8mb4_general_ci;
/*!40101 SET character_set_client = @saved_cs_client */;

--
-- Dumping data for table `locations`
--

LOCK TABLES `locations` WRITE;
/*!40000 ALTER TABLE `locations` DISABLE KEYS */;
/*!40000 ALTER TABLE `locations` ENABLE KEYS */;
UNLOCK TABLES;

--
-- Table structure for table `qr_code`
--

DROP TABLE IF EXISTS `qr_code`;
/*!40101 SET @saved_cs_client     = @@character_set_client */;
/*!50503 SET character_set_client = utf8mb4 */;
CREATE TABLE `qr_code` (
  `id` int NOT NULL AUTO_INCREMENT,
  `createdAt` datetime NOT NULL DEFAULT CURRENT_TIMESTAMP,
  `valid_radius` decimal(5,2) DEFAULT '500.00',
  `validate_geo` tinyint(1) DEFAULT '1',
  `valid_room_id` int DEFAULT NULL,
  PRIMARY KEY (`id`),
  KEY `fk_qr_code_valid_room` (`valid_room_id`)
) ENGINE=InnoDB AUTO_INCREMENT=286 DEFAULT CHARSET=utf8mb4 COLLATE=utf8mb4_general_ci;
/*!40101 SET character_set_client = @saved_cs_client */;

--
-- Dumping data for table `qr_code`
--

LOCK TABLES `qr_code` WRITE;
/*!40000 ALTER TABLE `qr_code` DISABLE KEYS */;
INSERT INTO `qr_code` VALUES (1,'2025-01-06 09:00:00',50.00,1,NULL),(2,'2025-01-06 11:00:00',50.00,1,NULL),(3,'2025-01-06 14:00:00',50.00,1,NULL),(4,'2025-01-07 09:00:00',50.00,1,NULL),(5,'2025-01-07 11:00:00',50.00,1,NULL),(6,'2025-01-07 14:00:00',50.00,1,NULL),(7,'2025-01-08 09:00:00',50.00,1,NULL),(8,'2025-01-08 11:00:00',50.00,1,NULL),(9,'2025-01-08 14:00:00',50.00,1,NULL),(10,'2025-01-09 09:00:00',50.00,1,NULL),(11,'2025-01-09 11:00:00',50.00,1,NULL),(12,'2025-01-09 14:00:00',50.00,1,NULL),(13,'2025-01-10 09:00:00',50.00,1,NULL),(14,'2025-01-10 11:00:00',50.00,1,NULL),(15,'2025-01-10 14:00:00',50.00,1,NULL),(16,'2025-01-13 09:00:00',50.00,1,NULL),(17,'2025-01-13 11:00:00',50.00,1,NULL),(18,'2025-01-13 14:00:00',50.00,1,NULL),(19,'2025-01-14 09:00:00',50.00,1,NULL),(20,'2025-01-14 11:00:00',50.00,1,NULL),(21,'2025-01-14 14:00:00',50.00,1,NULL),(22,'2025-01-15 09:00:00',50.00,1,NULL),(23,'2025-01-15 11:00:00',50.00,1,NULL),(24,'2025-01-15 14:00:00',50.00,1,NULL),(25,'2025-01-16 09:00:00',50.00,1,NULL),(26,'2025-01-16 11:00:00',50.00,1,NULL),(27,'2025-01-16 14:00:00',50.00,1,NULL),(28,'2025-01-17 09:00:00',50.00,1,NULL),(29,'2025-01-17 11:00:00',50.00,1,NULL),(30,'2025-01-17 14:00:00',50.00,1,NULL),(31,'2025-01-20 09:00:00',50.00,1,NULL),(32,'2025-01-20 11:00:00',50.00,1,NULL),(33,'2025-01-20 14:00:00',50.00,1,NULL),(34,'2025-01-21 09:00:00',50.00,1,NULL),(35,'2025-01-21 11:00:00',50.00,1,NULL),(36,'2025-01-21 14:00:00',50.00,1,NULL),(37,'2025-01-22 09:00:00',50.00,1,NULL),(38,'2025-01-22 11:00:00',50.00,1,NULL),(39,'2025-01-22 14:00:00',50.00,1,NULL),(40,'2025-01-23 09:00:00',50.00,1,NULL),(41,'2025-01-23 11:00:00',50.00,1,NULL),(42,'2025-01-23 14:00:00',50.00,1,NULL),(43,'2025-01-24 09:00:00',50.00,1,NULL),(44,'2025-01-24 11:00:00',50.00,1,NULL),(45,'2025-01-24 14:00:00',50.00,1,NULL),(46,'2025-01-27 09:00:00',50.00,1,NULL),(47,'2025-01-27 11:00:00',50.00,1,NULL),(48,'2025-01-27 14:00:00',50.00,1,NULL),(49,'2025-01-28 09:00:00',50.00,1,NULL),(50,'2025-01-28 11:00:00',50.00,1,NULL),(51,'2025-01-28 14:00:00',50.00,1,NULL),(52,'2025-01-29 09:00:00',50.00,1,NULL),(53,'2025-01-29 11:00:00',50.00,1,NULL),(54,'2025-01-29 14:00:00',50.00,1,NULL),(55,'2025-01-30 09:00:00',50.00,1,NULL),(56,'2025-01-30 11:00:00',50.00,1,NULL),(57,'2025-01-30 14:00:00',50.00,1,NULL),(58,'2025-01-31 09:00:00',50.00,1,NULL),(59,'2025-01-31 11:00:00',50.00,1,NULL),(60,'2025-01-31 14:00:00',50.00,1,NULL),(61,'2025-02-03 09:00:00',50.00,1,NULL),(62,'2025-02-03 11:00:00',50.00,1,NULL),(63,'2025-02-03 14:00:00',50.00,1,NULL),(64,'2025-02-04 09:00:00',50.00,1,NULL),(65,'2025-02-04 11:00:00',50.00,1,NULL),(66,'2025-02-04 14:00:00',50.00,1,NULL),(67,'2025-02-05 09:00:00',50.00,1,NULL),(68,'2025-02-05 11:00:00',50.00,1,NULL),(69,'2025-02-05 14:00:00',50.00,1,NULL),(70,'2025-02-06 09:00:00',50.00,1,NULL),(71,'2025-02-06 11:00:00',50.00,1,NULL),(72,'2025-02-06 14:00:00',50.00,1,NULL),(73,'2025-02-07 09:00:00',50.00,1,NULL),(74,'2025-02-07 11:00:00',50.00,1,NULL),(75,'2025-02-07 14:00:00',50.00,1,NULL),(76,'2025-02-10 09:00:00',50.00,1,NULL),(77,'2025-02-10 11:00:00',50.00,1,NULL),(78,'2025-02-10 14:00:00',50.00,1,NULL),(79,'2025-02-11 09:00:00',50.00,1,NULL),(80,'2025-02-11 11:00:00',50.00,1,NULL),(81,'2025-02-11 14:00:00',50.00,1,NULL),(82,'2025-02-12 09:00:00',50.00,1,NULL),(83,'2025-02-12 11:00:00',50.00,1,NULL),(84,'2025-02-12 14:00:00',50.00,1,NULL),(85,'2025-02-13 09:00:00',50.00,1,NULL),(86,'2025-02-13 11:00:00',50.00,1,NULL),(87,'2025-02-13 14:00:00',50.00,1,NULL),(88,'2025-02-14 09:00:00',50.00,1,NULL),(89,'2025-02-14 11:00:00',50.00,1,NULL),(90,'2025-02-14 14:00:00',50.00,1,NULL),(91,'2025-02-17 09:00:00',50.00,1,NULL),(92,'2025-02-17 11:00:00',50.00,1,NULL),(93,'2025-02-17 14:00:00',50.00,1,NULL),(94,'2025-02-18 09:00:00',50.00,1,NULL),(95,'2025-02-18 11:00:00',50.00,1,NULL),(96,'2025-02-18 14:00:00',50.00,1,NULL),(97,'2025-02-19 09:00:00',50.00,1,NULL),(98,'2025-02-19 11:00:00',50.00,1,NULL),(99,'2025-02-19 14:00:00',50.00,1,NULL),(100,'2025-02-20 09:00:00',50.00,1,NULL),(101,'2025-02-20 11:00:00',50.00,1,NULL),(102,'2025-02-20 14:00:00',50.00,1,NULL),(103,'2025-02-21 09:00:00',50.00,1,NULL),(104,'2025-02-21 11:00:00',50.00,1,NULL),(105,'2025-02-21 14:00:00',50.00,1,NULL),(106,'2025-02-24 09:00:00',50.00,1,NULL),(107,'2025-02-24 11:00:00',50.00,1,NULL),(108,'2025-02-24 14:00:00',50.00,1,NULL),(109,'2025-02-25 09:00:00',50.00,1,NULL),(110,'2025-02-25 11:00:00',50.00,1,NULL),(111,'2025-02-25 14:00:00',50.00,1,NULL),(112,'2025-02-26 09:00:00',50.00,1,NULL),(113,'2025-02-26 11:00:00',50.00,1,NULL),(114,'2025-02-26 14:00:00',50.00,1,NULL),(115,'2025-02-27 09:00:00',50.00,1,NULL),(116,'2025-02-27 11:00:00',50.00,1,NULL),(117,'2025-02-27 14:00:00',50.00,1,NULL),(118,'2025-02-28 09:00:00',50.00,1,NULL),(119,'2025-02-28 11:00:00',50.00,1,NULL),(120,'2025-02-28 14:00:00',50.00,1,NULL),(190,'2025-07-07 20:14:05',100.00,1,NULL),(191,'2025-07-07 20:14:05',100.00,1,NULL),(192,'2025-07-07 20:14:05',100.00,1,NULL),(193,'2025-07-07 20:14:05',100.00,1,NULL),(194,'2025-07-07 20:14:05',100.00,1,NULL),(195,'2025-07-07 20:14:05',100.00,1,NULL),(196,'2025-07-07 20:14:05',100.00,1,NULL),(197,'2025-07-07 20:14:05',100.00,1,NULL),(198,'2025-07-14 20:14:05',100.00,1,NULL),(199,'2025-07-14 20:14:05',100.00,1,NULL),(200,'2025-07-14 20:14:05',100.00,1,NULL),(201,'2025-07-14 20:14:05',100.00,1,NULL),(202,'2025-07-14 20:14:05',100.00,1,NULL),(203,'2025-07-14 20:14:05',100.00,1,NULL),(204,'2025-07-14 20:14:05',100.00,1,NULL),(205,'2025-07-14 20:14:05',100.00,1,NULL),(206,'2025-07-21 20:14:05',100.00,1,NULL),(207,'2025-07-21 20:14:05',100.00,1,NULL),(208,'2025-07-21 20:14:05',100.00,1,NULL),(209,'2025-07-21 20:14:05',100.00,1,NULL),(210,'2025-07-21 20:14:05',100.00,1,NULL),(211,'2025-07-21 20:14:05',100.00,1,NULL),(212,'2025-07-21 20:14:05',100.00,1,NULL),(213,'2025-07-21 20:14:05',100.00,1,NULL),(214,'2025-07-28 20:14:05',100.00,1,NULL),(215,'2025-07-28 20:14:05',100.00,1,NULL),(216,'2025-07-28 20:14:05',100.00,1,NULL),(217,'2025-07-28 20:14:05',100.00,1,NULL),(218,'2025-07-28 20:14:05',100.00,1,NULL),(219,'2025-07-28 20:14:05',100.00,1,NULL),(220,'2025-07-28 20:14:05',100.00,1,NULL),(221,'2025-07-28 20:14:05',100.00,1,NULL),(222,'2025-08-04 20:14:05',100.00,1,NULL),(223,'2025-08-04 20:14:05',100.00,1,NULL),(224,'2025-08-04 20:14:05',100.00,1,NULL),(225,'2025-08-04 20:14:05',100.00,1,NULL),(226,'2025-08-04 20:14:05',100.00,1,NULL),(227,'2025-08-04 20:14:05',100.00,1,NULL),(228,'2025-08-04 20:14:05',100.00,1,NULL),(229,'2025-08-04 20:14:05',100.00,1,NULL),(230,'2025-08-11 20:14:05',100.00,1,NULL),(231,'2025-08-11 20:14:05',100.00,1,NULL),(232,'2025-08-11 20:14:05',100.00,1,NULL),(233,'2025-08-11 20:14:05',100.00,1,NULL),(234,'2025-08-11 20:14:05',100.00,1,NULL),(235,'2025-08-11 20:14:05',100.00,1,NULL),(236,'2025-08-11 20:14:05',100.00,1,NULL),(237,'2025-08-11 20:14:05',100.00,1,NULL),(238,'2025-08-18 20:14:05',100.00,1,NULL),(239,'2025-08-18 20:14:05',100.00,1,NULL),(240,'2025-08-18 20:14:05',100.00,1,NULL),(241,'2025-08-18 20:14:05',100.00,1,NULL),(242,'2025-08-18 20:14:05',100.00,1,NULL),(243,'2025-08-18 20:14:05',100.00,1,NULL),(244,'2025-08-18 20:14:05',100.00,1,NULL),(245,'2025-08-18 20:14:05',100.00,1,NULL),(246,'2025-08-25 20:14:05',100.00,1,NULL),(247,'2025-08-25 20:14:05',100.00,1,NULL),(248,'2025-08-25 20:14:05',100.00,1,NULL),(249,'2025-08-25 20:14:05',100.00,1,NULL),(250,'2025-08-25 20:14:05',100.00,1,NULL),(251,'2025-08-25 20:14:05',100.00,1,NULL),(252,'2025-08-25 20:14:05',100.00,1,NULL),(253,'2025-08-25 20:14:05',100.00,1,NULL),(254,'2025-09-01 20:14:05',100.00,1,NULL),(255,'2025-09-01 20:14:05',100.00,1,NULL),(256,'2025-09-01 20:14:05',100.00,1,NULL),(257,'2025-09-01 20:14:05',100.00,1,NULL),(258,'2025-09-01 20:14:05',100.00,1,NULL),(259,'2025-09-01 20:14:05',100.00,1,NULL),(260,'2025-09-01 20:14:05',100.00,1,NULL),(261,'2025-09-01 20:14:05',100.00,1,NULL),(262,'2025-09-08 20:14:05',100.00,1,NULL),(263,'2025-09-08 20:14:05',100.00,1,NULL),(264,'2025-09-08 20:14:05',100.00,1,NULL),(265,'2025-09-08 20:14:05',100.00,1,NULL),(266,'2025-09-08 20:14:05',100.00,1,NULL),(267,'2025-09-08 20:14:05',100.00,1,NULL),(268,'2025-09-08 20:14:05',100.00,1,NULL),(269,'2025-09-08 20:14:05',100.00,1,NULL),(270,'2025-09-15 20:14:05',100.00,1,NULL),(271,'2025-09-15 20:14:05',100.00,1,NULL),(272,'2025-09-15 20:14:05',100.00,1,NULL),(273,'2025-09-15 20:14:05',100.00,1,NULL),(274,'2025-09-15 20:14:05',100.00,1,NULL),(275,'2025-09-15 20:14:05',100.00,1,NULL),(276,'2025-09-15 20:14:05',100.00,1,NULL),(277,'2025-09-15 20:14:05',100.00,1,NULL),(278,'2025-09-22 20:14:05',100.00,1,NULL),(279,'2025-09-22 20:14:05',100.00,1,NULL),(280,'2025-09-22 20:14:05',100.00,1,NULL),(281,'2025-09-22 20:14:05',100.00,1,NULL),(282,'2025-09-22 20:14:05',100.00,1,NULL),(283,'2025-09-22 20:14:05',100.00,1,NULL),(284,'2025-09-22 20:14:05',100.00,1,NULL),(285,'2025-09-22 20:14:05',100.00,1,NULL);
/*!40000 ALTER TABLE `qr_code` ENABLE KEYS */;
UNLOCK TABLES;

--
-- Table structure for table `qr_code_study_session`
--

DROP TABLE IF EXISTS `qr_code_study_session`;
/*!40101 SET @saved_cs_client     = @@character_set_client */;
/*!50503 SET character_set_client = utf8mb4 */;
CREATE TABLE `qr_code_study_session` (
  `id` int NOT NULL AUTO_INCREMENT,
  `study_session_id` int NOT NULL,
  `qr_code_id` int NOT NULL,
  `week_number` int NOT NULL,
  PRIMARY KEY (`id`),
  UNIQUE KEY `study_session_id` (`study_session_id`,`week_number`),
  KEY `fk_qrss_qrcode` (`qr_code_id`),
  CONSTRAINT `fk_qrss_qrcode` FOREIGN KEY (`qr_code_id`) REFERENCES `qr_code` (`id`),
  CONSTRAINT `fk_qrss_session` FOREIGN KEY (`study_session_id`) REFERENCES `study_session` (`id`)
) ENGINE=InnoDB AUTO_INCREMENT=217 DEFAULT CHARSET=utf8mb4 COLLATE=utf8mb4_general_ci;
/*!40101 SET character_set_client = @saved_cs_client */;

--
-- Dumping data for table `qr_code_study_session`
--

LOCK TABLES `qr_code_study_session` WRITE;
/*!40000 ALTER TABLE `qr_code_study_session` DISABLE KEYS */;
INSERT INTO `qr_code_study_session` VALUES (1,1,1,1),(2,2,2,1),(3,3,3,1),(4,4,4,1),(5,5,5,1),(6,6,6,1),(7,7,7,1),(8,8,8,1),(9,9,9,1),(10,10,10,1),(11,11,11,1),(12,12,12,1),(13,13,13,1),(14,14,14,1),(15,15,15,1),(16,1,16,2),(17,2,17,2),(18,3,18,2),(19,4,19,2),(20,5,20,2),(21,6,21,2),(22,7,22,2),(23,8,23,2),(24,9,24,2),(25,10,25,2),(26,11,26,2),(27,12,27,2),(28,13,28,2),(29,14,29,2),(30,15,30,2),(31,1,31,3),(32,2,32,3),(33,3,33,3),(34,4,34,3),(35,5,35,3),(36,6,36,3),(37,7,37,3),(38,8,38,3),(39,9,39,3),(40,10,40,3),(41,11,41,3),(42,12,42,3),(43,13,43,3),(44,14,44,3),(45,15,45,3),(46,1,46,4),(47,2,47,4),(48,3,48,4),(49,4,49,4),(50,5,50,4),(51,6,51,4),(52,7,52,4),(53,8,53,4),(54,9,54,4),(55,10,55,4),(56,11,56,4),(57,12,57,4),(58,13,58,4),(59,14,59,4),(60,15,60,4),(61,1,61,5),(62,2,62,5),(63,3,63,5),(64,4,64,5),(65,5,65,5),(66,6,66,5),(67,7,67,5),(68,8,68,5),(69,9,69,5),(70,10,70,5),(71,11,71,5),(72,12,72,5),(73,13,73,5),(74,14,74,5),(75,15,75,5),(76,1,76,6),(77,2,77,6),(78,3,78,6),(79,4,79,6),(80,5,80,6),(81,6,81,6),(82,7,82,6),(83,8,83,6),(84,9,84,6),(85,10,85,6),(86,11,86,6),(87,12,87,6),(88,13,88,6),(89,14,89,6),(90,15,90,6),(91,1,91,7),(92,2,92,7),(93,3,93,7),(94,4,94,7),(95,5,95,7),(96,6,96,7),(97,7,97,7),(98,8,98,7),(99,9,99,7),(100,10,100,7),(101,11,101,7),(102,12,102,7),(103,13,103,7),(104,14,104,7),(105,15,105,7),(106,1,106,8),(107,2,107,8),(108,3,108,8),(109,4,109,8),(110,5,110,8),(111,6,111,8),(112,7,112,8),(113,8,113,8),(114,9,114,8),(115,10,115,8),(116,11,116,8),(117,12,117,8),(118,13,118,8),(119,14,119,8),(120,15,120,8),(121,23,197,1),(122,22,196,1),(123,21,195,1),(124,20,194,1),(125,19,193,1),(126,18,192,1),(127,17,191,1),(128,16,190,1),(129,23,205,2),(130,22,204,2),(131,21,203,2),(132,20,202,2),(133,19,201,2),(134,18,200,2),(135,17,199,2),(136,16,198,2),(137,23,213,3),(138,22,212,3),(139,21,211,3),(140,20,210,3),(141,19,209,3),(142,18,208,3),(143,17,207,3),(144,16,206,3),(145,23,221,4),(146,22,220,4),(147,21,219,4),(148,20,218,4),(149,19,217,4),(150,18,216,4),(151,17,215,4),(152,16,214,4),(153,23,229,5),(154,22,228,5),(155,21,227,5),(156,20,226,5),(157,19,225,5),(158,18,224,5),(159,17,223,5),(160,16,222,5),(161,23,237,6),(162,22,236,6),(163,21,235,6),(164,20,234,6),(165,19,233,6),(166,18,232,6),(167,17,231,6),(168,16,230,6),(169,23,245,7),(170,22,244,7),(171,21,243,7),(172,20,242,7),(173,19,241,7),(174,18,240,7),(175,17,239,7),(176,16,238,7),(177,23,253,8),(178,22,252,8),(179,21,251,8),(180,20,250,8),(181,19,249,8),(182,18,248,8),(183,17,247,8),(184,16,246,8),(185,23,261,9),(186,22,260,9),(187,21,259,9),(188,20,258,9),(189,19,257,9),(190,18,256,9),(191,17,255,9),(192,16,254,9),(193,23,269,10),(194,22,268,10),(195,21,267,10),(196,20,266,10),(197,19,265,10),(198,18,264,10),(199,17,263,10),(200,16,262,10),(201,23,277,11),(202,22,276,11),(203,21,275,11),(204,20,274,11),(205,19,273,11),(206,18,272,11),(207,17,271,11),(208,16,270,11),(209,23,285,12),(210,22,284,12),(211,21,283,12),(212,20,282,12),(213,19,281,12),(214,18,280,12),(215,17,279,12),(216,16,278,12);
/*!40000 ALTER TABLE `qr_code_study_session` ENABLE KEYS */;
UNLOCK TABLES;

--
-- Table structure for table `room`
--

DROP TABLE IF EXISTS `room`;
/*!40101 SET @saved_cs_client     = @@character_set_client */;
/*!50503 SET character_set_client = utf8mb4 */;
CREATE TABLE `room` (
  `id` int NOT NULL AUTO_INCREMENT,
  `building_number` varchar(50) NOT NULL,
  `room_number` varchar(50) NOT NULL,
  `description` text,
  `latitude` decimal(18,14) DEFAULT NULL,
  `longitude` decimal(18,14) DEFAULT NULL,
  `campus_id` int NOT NULL,
  PRIMARY KEY (`id`),
  KEY `fk_room_campus` (`campus_id`),
  CONSTRAINT `fk_room_campus` FOREIGN KEY (`campus_id`) REFERENCES `campus` (`id`)
) ENGINE=InnoDB AUTO_INCREMENT=9 DEFAULT CHARSET=utf8mb4 COLLATE=utf8mb4_general_ci;
/*!40101 SET character_set_client = @saved_cs_client */;

--
-- Dumping data for table `room`
--

LOCK TABLES `room` WRITE;
/*!40000 ALTER TABLE `room` DISABLE KEYS */;
INSERT INTO `room` VALUES (1,'A','101','Large Lecture Hall',51.52156300000000,-0.13034600000000,1),(2,'A','102','Medium Lecture Hall',51.52160000000000,-0.13040000000000,1),(3,'A','201','Computer Lab 1',51.52165000000000,-0.13045000000000,1),(4,'B','101','Tutorial Room 1',51.52200000000000,-0.13100000000000,1),(5,'B','201','Computer Lab 2',51.52210000000000,-0.13110000000000,1),(6,'C','301','Seminar Room',51.52220000000000,-0.13120000000000,2),(7,'D','201','Workshop Room',51.52230000000000,-0.13130000000000,2),(8,'E','101','Large Lab',51.52240000000000,-0.13140000000000,3);
/*!40000 ALTER TABLE `room` ENABLE KEYS */;
UNLOCK TABLES;

--
-- Table structure for table `semester`
--

DROP TABLE IF EXISTS `semester`;
/*!40101 SET @saved_cs_client     = @@character_set_client */;
/*!50503 SET character_set_client = utf8mb4 */;
CREATE TABLE `semester` (
  `id` int NOT NULL AUTO_INCREMENT,
  `name` enum('autumn','spring','summer') NOT NULL,
  `year` year NOT NULL,
  PRIMARY KEY (`id`),
  UNIQUE KEY `name` (`name`,`year`)
) ENGINE=InnoDB AUTO_INCREMENT=4 DEFAULT CHARSET=utf8mb4 COLLATE=utf8mb4_general_ci;
/*!40101 SET character_set_client = @saved_cs_client */;

--
-- Dumping data for table `semester`
--

LOCK TABLES `semester` WRITE;
/*!40000 ALTER TABLE `semester` DISABLE KEYS */;
INSERT INTO `semester` VALUES (2,'autumn',2024),(1,'spring',2025),(3,'summer',2024);
/*!40000 ALTER TABLE `semester` ENABLE KEYS */;
UNLOCK TABLES;

--
-- Table structure for table `semesters`
--

DROP TABLE IF EXISTS `semesters`;
/*!40101 SET @saved_cs_client     = @@character_set_client */;
/*!50503 SET character_set_client = utf8mb4 */;
CREATE TABLE `semesters` (
  `id` int NOT NULL AUTO_INCREMENT,
  `name` enum('autumn','spring','summer') NOT NULL,
  `year` year NOT NULL,
  PRIMARY KEY (`id`),
  UNIQUE KEY `name` (`name`,`year`)
) ENGINE=InnoDB AUTO_INCREMENT=2 DEFAULT CHARSET=utf8mb4 COLLATE=utf8mb4_general_ci;
/*!40101 SET character_set_client = @saved_cs_client */;

--
-- Dumping data for table `semesters`
--

LOCK TABLES `semesters` WRITE;
/*!40000 ALTER TABLE `semesters` DISABLE KEYS */;
INSERT INTO `semesters` VALUES (1,'spring',2025);
/*!40000 ALTER TABLE `semesters` ENABLE KEYS */;
UNLOCK TABLES;

--
-- Table structure for table `session`
--

DROP TABLE IF EXISTS `session`;
/*!40101 SET @saved_cs_client     = @@character_set_client */;
/*!50503 SET character_set_client = utf8mb4 */;
CREATE TABLE `session` (
  `id` varchar(36) NOT NULL,
  `expiresAt` datetime NOT NULL,
  `token` varchar(255) NOT NULL,
  `createdAt` datetime NOT NULL,
  `updatedAt` datetime NOT NULL,
  `ipAddress` text,
  `userAgent` text,
  `userId` varchar(36) NOT NULL,
  PRIMARY KEY (`id`),
  UNIQUE KEY `token` (`token`),
  KEY `userId` (`userId`),
  CONSTRAINT `session_ibfk_1` FOREIGN KEY (`userId`) REFERENCES `user` (`id`) ON DELETE CASCADE
) ENGINE=InnoDB DEFAULT CHARSET=utf8mb4 COLLATE=utf8mb4_general_ci;
/*!40101 SET character_set_client = @saved_cs_client */;

--
-- Dumping data for table `session`
--

LOCK TABLES `session` WRITE;
/*!40000 ALTER TABLE `session` DISABLE KEYS */;
INSERT INTO `session` VALUES ('JTaAswdmAaVzhjZEYOCBnCHmG0Fwv8KA','2025-09-29 17:20:49','8w7X3mXH85hrxCODP3Xo6rgnfVGEoHvc','2025-09-22 17:20:49','2025-09-22 17:20:49','','','gCXLCluWIrqW8CkuaBmdkae5J3eVhs2a'),('KME4AN3qdBbGgxMgWaecHESC4jWrzfHi','2025-09-29 17:19:50','XxTxQZ4KjPlcLVTgCbhGfwdCHnnQ6n1T','2025-09-22 17:19:50','2025-09-22 17:19:50','','','gCXLCluWIrqW8CkuaBmdkae5J3eVhs2a'),('lIauT0ZKCiK4hnizoO69laCD1Vc3nyle','2025-09-29 17:20:12','S1hdV0O7SlMRO6earyaYNCpUZqGfttjd','2025-09-22 17:20:12','2025-09-22 17:20:12','','','yU2bBfHbEIY3oNdpToqayHlNyKA5o0oc'),('ORttMj3TMrMlhHHgpN55Rl1VuSFm0nnb','2025-09-29 17:19:48','f5tN1fcolbHAgjlW4b0n9IB7mMlTZxJC','2025-09-22 17:19:48','2025-09-22 17:19:48','','','2TtYbytaOLecz1frmNSmfZKyBz4IcCn1'),('RhMZ0bZRKVcaJRGDcMDiIpR6pbvTF6Ma','2025-09-29 17:19:51','ABxjT6MRoSTpEa2Ii8KJCgDOkvcIPgjH','2025-09-22 17:19:51','2025-09-22 17:19:51','','','twta8iW2lhG9c4viQ9xAkoL5oO3RS72H'),('ScASXBMZWtinuPfiDSiDob8fIJm4zou5','2025-09-29 22:16:53','uH9uZLVAoutAL1tw02geSK5huSVOhrIV','2025-09-22 22:16:53','2025-09-22 22:16:53','','','yU2bBfHbEIY3oNdpToqayHlNyKA5o0oc'),('YJyB4hENsFbiUlSzFTDBV7rJOhJe5L8Z','2025-09-29 17:19:47','YdMN1eaNoByVRQCcLpLDjDimDqzthp1K','2025-09-22 17:19:47','2025-09-22 17:19:47','','','yU2bBfHbEIY3oNdpToqayHlNyKA5o0oc');
/*!40000 ALTER TABLE `session` ENABLE KEYS */;
UNLOCK TABLES;

--
-- Table structure for table `session_qr_codes`
--

DROP TABLE IF EXISTS `session_qr_codes`;
/*!40101 SET @saved_cs_client     = @@character_set_client */;
/*!50503 SET character_set_client = utf8mb4 */;
CREATE TABLE `session_qr_codes` (
  `id` int NOT NULL AUTO_INCREMENT,
  `course_session_id` int NOT NULL,
  `qr_code` varchar(12) NOT NULL,
  `generated_at` datetime NOT NULL,
  `valid_until` datetime NOT NULL,
  `week_number` int NOT NULL,
  `radius` int NOT NULL DEFAULT '100',
  PRIMARY KEY (`id`),
  UNIQUE KEY `unique_qr_code` (`qr_code`),
  UNIQUE KEY `unique_session_week` (`course_session_id`,`week_number`),
  CONSTRAINT `session_qr_codes_ibfk_1` FOREIGN KEY (`course_session_id`) REFERENCES `course_sessions` (`id`)
) ENGINE=InnoDB DEFAULT CHARSET=utf8mb4 COLLATE=utf8mb4_general_ci;
/*!40101 SET character_set_client = @saved_cs_client */;

--
-- Dumping data for table `session_qr_codes`
--

LOCK TABLES `session_qr_codes` WRITE;
/*!40000 ALTER TABLE `session_qr_codes` DISABLE KEYS */;
/*!40000 ALTER TABLE `session_qr_codes` ENABLE KEYS */;
UNLOCK TABLES;

--
-- Table structure for table `student_attendance_summary`
--

DROP TABLE IF EXISTS `student_attendance_summary`;
/*!40101 SET @saved_cs_client     = @@character_set_client */;
/*!50503 SET character_set_client = utf8mb4 */;
CREATE TABLE `student_attendance_summary` (
  `id` int NOT NULL AUTO_INCREMENT,
  `student_id` varchar(36) NOT NULL,
  `session_type` enum('lecture','lab') NOT NULL,
  `total_sessions` int NOT NULL DEFAULT '0',
  `attended_sessions` int NOT NULL DEFAULT '0',
  `missed_sessions` int NOT NULL DEFAULT '0',
  `attendance_percentage` decimal(5,2) NOT NULL DEFAULT '0.00',
  `last_updated` datetime NOT NULL DEFAULT CURRENT_TIMESTAMP ON UPDATE CURRENT_TIMESTAMP,
  `subject_id` int DEFAULT NULL,
  PRIMARY KEY (`id`),
  UNIQUE KEY `student_id` (`student_id`,`session_type`),
  KEY `idx_student_course` (`student_id`),
  KEY `subject_id` (`subject_id`),
  CONSTRAINT `student_attendance_summary_ibfk_1` FOREIGN KEY (`student_id`) REFERENCES `user` (`id`),
  CONSTRAINT `student_attendance_summary_ibfk_2` FOREIGN KEY (`subject_id`) REFERENCES `subject` (`id`)
) ENGINE=InnoDB AUTO_INCREMENT=322 DEFAULT CHARSET=utf8mb4 COLLATE=utf8mb4_general_ci;
/*!40101 SET character_set_client = @saved_cs_client */;

--
-- Dumping data for table `student_attendance_summary`
--

LOCK TABLES `student_attendance_summary` WRITE;
/*!40000 ALTER TABLE `student_attendance_summary` DISABLE KEYS */;
/*!40000 ALTER TABLE `student_attendance_summary` ENABLE KEYS */;
UNLOCK TABLES;

--
-- Table structure for table `student_study_session`
--

DROP TABLE IF EXISTS `student_study_session`;
/*!40101 SET @saved_cs_client     = @@character_set_client */;
/*!50503 SET character_set_client = utf8mb4 */;
CREATE TABLE `student_study_session` (
  `student_id` varchar(36) NOT NULL,
  `study_session_id` int NOT NULL,
  PRIMARY KEY (`student_id`,`study_session_id`),
  KEY `fk_stusess_session` (`study_session_id`),
  CONSTRAINT `fk_stusess_session` FOREIGN KEY (`study_session_id`) REFERENCES `study_session` (`id`),
  CONSTRAINT `fk_stusess_student` FOREIGN KEY (`student_id`) REFERENCES `user` (`id`)
) ENGINE=InnoDB DEFAULT CHARSET=utf8mb4 COLLATE=utf8mb4_general_ci;
/*!40101 SET character_set_client = @saved_cs_client */;

--
-- Dumping data for table `student_study_session`
--

LOCK TABLES `student_study_session` WRITE;
/*!40000 ALTER TABLE `student_study_session` DISABLE KEYS */;
INSERT INTO `student_study_session` VALUES ('stu-001',1),('stu-002',1),('stu-003',1),('stu-004',1),('stu-005',1),('stu-006',1),('stu-007',1),('stu-009',1),('stu-010',1),('stu-021',1),('stu-023',1),('stu-024',1),('stu-025',1),('stu-027',1),('stu-029',1),('stu-001',2),('stu-002',2),('stu-004',2),('stu-006',2),('stu-008',2),('stu-009',2),('stu-010',2),('stu-023',2),('stu-026',2),('stu-027',2),('stu-029',2),('stu-001',3),('stu-002',3),('stu-003',3),('stu-004',3),('stu-005',3),('stu-006',3),('stu-007',3),('stu-009',3),('stu-010',3),('stu-021',3),('stu-023',3),('stu-024',3),('stu-025',3),('stu-027',3),('stu-029',3),('stu-001',4),('stu-002',4),('stu-004',4),('stu-005',4),('stu-008',4),('stu-009',4),('stu-010',4),('stu-021',4),('stu-022',4),('stu-025',4),('stu-028',4),('stu-030',4),('stu-002',5),('stu-003',5),('stu-006',5),('stu-007',5),('stu-024',5),('stu-028',5),('stu-001',6),('stu-002',6),('stu-004',6),('stu-006',6),('stu-008',6),('stu-009',6),('stu-010',6),('stu-023',6),('stu-026',6),('stu-027',6),('stu-029',6),('stu-001',7),('stu-003',7),('stu-005',7),('stu-007',7),('stu-008',7),('stu-010',7),('stu-022',7),('stu-026',7),('stu-030',7),('stu-011',8),('stu-012',8),('stu-013',8),('stu-014',8),('stu-016',8),('stu-017',8),('stu-018',8),('stu-019',8),('stu-020',8),('stu-001',9),('stu-002',9),('stu-004',9),('stu-005',9),('stu-008',9),('stu-009',9),('stu-010',9),('stu-021',9),('stu-022',9),('stu-025',9),('stu-028',9),('stu-030',9),('stu-011',10),('stu-012',10),('stu-014',10),('stu-015',10),('stu-016',10),('stu-017',10),('stu-018',10),('stu-019',10),('stu-020',10),('stu-021',11),('stu-022',11),('stu-023',11),('stu-024',11),('stu-025',11),('stu-026',11),('stu-027',11),('stu-028',11),('stu-029',11),('stu-030',11),('stu-001',12),('stu-003',12),('stu-005',12),('stu-007',12),('stu-008',12),('stu-010',12),('stu-022',12),('stu-026',12),('stu-030',12),('stu-011',13),('stu-013',13),('stu-014',13),('stu-015',13),('stu-016',13),('stu-018',13),('stu-019',13),('stu-012',14),('stu-013',14),('stu-015',14),('stu-017',14),('stu-020',14),('stu-011',15),('stu-012',15),('stu-013',15),('stu-014',15),('stu-016',15),('stu-017',15),('stu-018',15),('stu-019',15),('stu-020',15),('stu-021',16),('stu-022',16),('stu-023',16),('stu-024',16),('stu-025',16),('stu-026',16),('stu-027',16),('stu-028',16),('stu-029',16),('stu-030',16),('student-101',16),('student-102',16),('student-103',16),('student-104',16),('student-105',16),('student-106',16),('student-107',16),('student-108',16),('stu-021',17),('stu-022',17),('stu-023',17),('stu-024',17),('stu-025',17),('stu-026',17),('stu-027',17),('stu-028',17),('stu-029',17),('stu-030',17),('student-101',17),('student-102',17),('student-103',17),('student-104',17),('student-105',17),('student-106',17),('student-107',17),('student-108',17),('stu-001',18),('stu-002',18),('stu-004',18),('stu-005',18),('stu-008',18),('stu-009',18),('stu-010',18),('stu-021',18),('stu-022',18),('stu-025',18),('stu-028',18),('stu-030',18),('student-101',18),('student-103',18),('student-105',18),('student-107',18),('student-109',18),('student-111',18),('student-113',18),('student-115',18),('stu-001',19),('stu-002',19),('stu-004',19),('stu-005',19),('stu-008',19),('stu-009',19),('stu-010',19),('stu-021',19),('stu-022',19),('stu-025',19),('stu-028',19),('stu-030',19),('student-101',19),('student-103',19),('student-105',19),('student-107',19),('student-109',19),('student-111',19),('student-113',19),('student-115',19),('stu-001',20),('stu-002',20),('stu-004',20),('stu-006',20),('stu-008',20),('stu-009',20),('stu-010',20),('stu-023',20),('stu-026',20),('stu-027',20),('stu-029',20),('student-102',20),('student-104',20),('student-106',20),('student-108',20),('student-110',20),('student-112',20),('student-114',20),('stu-001',21),('stu-002',21),('stu-004',21),('stu-006',21),('stu-008',21),('stu-009',21),('stu-010',21),('stu-023',21),('stu-026',21),('stu-027',21),('stu-029',21),('student-102',21),('student-104',21),('student-106',21),('student-108',21),('student-110',21),('student-112',21),('student-114',21),('stu-002',22),('stu-003',22),('stu-006',22),('stu-007',22),('stu-024',22),('stu-028',22),('student-101',22),('student-104',22),('student-107',22),('student-110',22),('student-113',22),('stu-002',23),('stu-003',23),('stu-006',23),('stu-007',23),('stu-024',23),('stu-028',23),('student-101',23),('student-104',23),('student-107',23),('student-110',23),('student-113',23);
/*!40000 ALTER TABLE `student_study_session` ENABLE KEYS */;
UNLOCK TABLES;

--
-- Table structure for table `study_session`
--

DROP TABLE IF EXISTS `study_session`;
/*!40101 SET @saved_cs_client     = @@character_set_client */;
/*!50503 SET character_set_client = utf8mb4 */;
CREATE TABLE `study_session` (
  `id` int NOT NULL AUTO_INCREMENT,
  `day_of_week` enum('Monday','Tuesday','Wednesday','Thursday','Friday','Saturday','Sunday') NOT NULL,
  `start_time` time NOT NULL,
  `end_time` time NOT NULL,
  `type` enum('lecture','tutorial') NOT NULL,
  `room_id` int NOT NULL,
  PRIMARY KEY (`id`),
  KEY `fk_studysession_room` (`room_id`),
  CONSTRAINT `fk_studysession_room` FOREIGN KEY (`room_id`) REFERENCES `room` (`id`)
) ENGINE=InnoDB AUTO_INCREMENT=24 DEFAULT CHARSET=utf8mb4 COLLATE=utf8mb4_general_ci;
/*!40101 SET character_set_client = @saved_cs_client */;

--
-- Dumping data for table `study_session`
--

LOCK TABLES `study_session` WRITE;
/*!40000 ALTER TABLE `study_session` DISABLE KEYS */;
INSERT INTO `study_session` VALUES (1,'Monday','09:00:00','11:00:00','lecture',1),(2,'Monday','11:00:00','13:00:00','lecture',2),(3,'Monday','14:00:00','16:00:00','tutorial',4),(4,'Tuesday','09:00:00','11:00:00','lecture',1),(5,'Tuesday','11:00:00','13:00:00','lecture',3),(6,'Tuesday','14:00:00','16:00:00','tutorial',5),(7,'Wednesday','09:00:00','11:00:00','lecture',2),(8,'Wednesday','11:00:00','13:00:00','lecture',1),(9,'Wednesday','14:00:00','16:00:00','tutorial',4),(10,'Thursday','09:00:00','11:00:00','lecture',2),(11,'Thursday','11:00:00','13:00:00','lecture',6),(12,'Thursday','14:00:00','16:00:00','tutorial',7),(13,'Friday','09:00:00','11:00:00','lecture',8),(14,'Friday','11:00:00','13:00:00','lecture',6),(15,'Friday','14:00:00','16:00:00','tutorial',5),(16,'Monday','16:00:00','18:00:00','lecture',3),(17,'Monday','19:00:00','20:00:00','tutorial',5),(18,'Tuesday','16:00:00','18:00:00','lecture',4),(19,'Tuesday','18:30:00','19:30:00','tutorial',6),(20,'Wednesday','16:00:00','18:00:00','lecture',7),(21,'Wednesday','18:30:00','19:30:00','tutorial',8),(22,'Thursday','16:00:00','18:00:00','lecture',2),(23,'Thursday','18:30:00','19:30:00','tutorial',3);
/*!40000 ALTER TABLE `study_session` ENABLE KEYS */;
UNLOCK TABLES;

--
-- Table structure for table `subject`
--

DROP TABLE IF EXISTS `subject`;
/*!40101 SET @saved_cs_client     = @@character_set_client */;
/*!50503 SET character_set_client = utf8mb4 */;
CREATE TABLE `subject` (
  `id` int NOT NULL AUTO_INCREMENT,
  `name` varchar(255) NOT NULL,
  `code` varchar(50) NOT NULL,
  `required_lectures` int DEFAULT '12',
  `required_attendance_thresh` decimal(3,2) DEFAULT '0.80',
  `status` enum('active','finished') DEFAULT 'active',
  `semester_id` int NOT NULL,
  `lecturer_id` varchar(255) DEFAULT NULL,
  PRIMARY KEY (`id`),
  UNIQUE KEY `code` (`code`),
  KEY `fk_subject_semester` (`semester_id`),
  CONSTRAINT `fk_subject_semester` FOREIGN KEY (`semester_id`) REFERENCES `semester` (`id`)
) ENGINE=InnoDB AUTO_INCREMENT=11 DEFAULT CHARSET=utf8mb4 COLLATE=utf8mb4_general_ci;
/*!40101 SET character_set_client = @saved_cs_client */;

--
-- Dumping data for table `subject`
--

LOCK TABLES `subject` WRITE;
/*!40000 ALTER TABLE `subject` DISABLE KEYS */;
INSERT INTO `subject` VALUES (1,'Data Structures and Algorithms','CS201',14,0.80,'active',1,NULL),(2,'Database Systems','CS202',14,0.80,'active',1,NULL),(3,'Web Development','CS203',12,0.75,'active',1,NULL),(4,'Network Security','IT201',12,0.75,'active',1,NULL),(5,'Software Engineering Principles','SE201',14,0.80,'active',1,NULL),(6,'Artificial Intelligence','CS301',14,0.85,'active',1,NULL),(7,'Operating Systems','CS302',14,0.80,'active',1,NULL),(8,'Introduction to Programming','CS101',12,0.70,'active',1,NULL),(9,'Cloud Computing','IT301',12,0.75,'active',1,NULL),(10,'Mobile Application Development','SE301',12,0.75,'active',1,NULL);
/*!40000 ALTER TABLE `subject` ENABLE KEYS */;
UNLOCK TABLES;

--
-- Table structure for table `subject_study_session`
--

DROP TABLE IF EXISTS `subject_study_session`;
/*!40101 SET @saved_cs_client     = @@character_set_client */;
/*!50503 SET character_set_client = utf8mb4 */;
CREATE TABLE `subject_study_session` (
  `subject_id` int NOT NULL,
  `study_session_id` int NOT NULL,
  PRIMARY KEY (`subject_id`,`study_session_id`),
  KEY `fk_subsess_session` (`study_session_id`),
  CONSTRAINT `fk_subsess_session` FOREIGN KEY (`study_session_id`) REFERENCES `study_session` (`id`),
  CONSTRAINT `fk_subsess_subject` FOREIGN KEY (`subject_id`) REFERENCES `subject` (`id`)
) ENGINE=InnoDB DEFAULT CHARSET=utf8mb4 COLLATE=utf8mb4_general_ci;
/*!40101 SET character_set_client = @saved_cs_client */;

--
-- Dumping data for table `subject_study_session`
--

LOCK TABLES `subject_study_session` WRITE;
/*!40000 ALTER TABLE `subject_study_session` DISABLE KEYS */;
INSERT INTO `subject_study_session` VALUES (1,1),(2,2),(1,3),(3,4),(4,5),(2,6),(5,7),(6,8),(3,9),(7,10),(8,11),(5,12),(9,13),(10,14),(6,15),(8,16),(8,17),(3,18),(3,19),(2,20),(2,21),(4,22),(4,23);
/*!40000 ALTER TABLE `subject_study_session` ENABLE KEYS */;
UNLOCK TABLES;

--
-- Table structure for table `user`
--

DROP TABLE IF EXISTS `user`;
/*!40101 SET @saved_cs_client     = @@character_set_client */;
/*!50503 SET character_set_client = utf8mb4 */;
CREATE TABLE `user` (
  `id` varchar(36) NOT NULL,
  `name` text NOT NULL,
  `email` varchar(255) NOT NULL,
  `emailVerified` tinyint(1) NOT NULL,
  `image` text,
  `createdAt` datetime NOT NULL,
  `updatedAt` datetime NOT NULL,
  `role` text,
  PRIMARY KEY (`id`),
  UNIQUE KEY `email` (`email`)
) ENGINE=InnoDB DEFAULT CHARSET=utf8mb4 COLLATE=utf8mb4_general_ci;
/*!40101 SET character_set_client = @saved_cs_client */;

--
-- Dumping data for table `user`
--

LOCK TABLES `user` WRITE;
/*!40000 ALTER TABLE `user` DISABLE KEYS */;
INSERT INTO `user` VALUES ('2TtYbytaOLecz1frmNSmfZKyBz4IcCn1','Test Student 2','test.student2@university.edu',0,NULL,'2025-09-22 17:19:48','2025-09-22 17:19:48','student'),('gCXLCluWIrqW8CkuaBmdkae5J3eVhs2a','Test Lecturer','test.lecturer@university.edu',0,NULL,'2025-09-22 17:19:50','2025-09-22 17:19:50','lecturer'),('lec-001','Prof. Robert Anderson','prof.anderson@university.edu',1,NULL,'2023-08-01 10:00:00','2025-01-22 16:00:00','lecturer'),('lec-002','Dr. Susan Thompson','dr.thompson@university.edu',1,NULL,'2023-08-01 10:00:00','2025-01-22 15:00:00','lecturer'),('lec-003','Prof. Wei Chen','prof.chen@university.edu',1,NULL,'2023-08-15 10:00:00','2025-01-21 17:00:00','lecturer'),('lec-004','Dr. Raj Patel','dr.patel@university.edu',1,NULL,'2023-09-01 10:00:00','2025-01-22 14:00:00','lecturer'),('lec-005','Prof. Amanda Williams','prof.williams@university.edu',1,NULL,'2023-09-01 10:00:00','2025-01-20 18:00:00','lecturer'),('stu-001','John Doe','john.doe@university.edu',1,NULL,'2024-01-15 10:00:00','2025-01-22 09:00:00','student'),('stu-002','Jane Smith','jane.smith@university.edu',1,NULL,'2024-01-15 10:00:00','2025-01-22 09:00:00','student'),('stu-003','Michael Johnson','michael.johnson@university.edu',1,NULL,'2024-01-15 10:00:00','2025-01-21 14:00:00','student'),('stu-004','Emily Brown','emily.brown@university.edu',1,NULL,'2024-01-15 10:00:00','2025-01-22 11:00:00','student'),('stu-005','David Wilson','david.wilson@university.edu',1,NULL,'2024-01-15 10:00:00','2025-01-20 16:00:00','student'),('stu-006','Sarah Davis','sarah.davis@university.edu',1,NULL,'2024-01-16 10:00:00','2025-01-22 10:00:00','student'),('stu-007','James Miller','james.miller@university.edu',1,NULL,'2024-01-16 10:00:00','2025-01-21 15:00:00','student'),('stu-008','Lisa Garcia','lisa.garcia@university.edu',1,NULL,'2024-01-16 10:00:00','2025-01-22 09:30:00','student'),('stu-009','Robert Martinez','robert.martinez@university.edu',1,NULL,'2024-01-17 10:00:00','2025-01-19 12:00:00','student'),('stu-010','Maria Rodriguez','maria.rodriguez@university.edu',1,NULL,'2024-01-17 10:00:00','2025-01-22 08:00:00','student'),('stu-011','William Lee','william.lee@university.edu',1,NULL,'2024-01-17 10:00:00','2025-01-21 13:00:00','student'),('stu-012','Jennifer White','jennifer.white@university.edu',1,NULL,'2024-01-18 10:00:00','2025-01-22 11:00:00','student'),('stu-013','Richard Harris','richard.harris@university.edu',1,NULL,'2024-01-18 10:00:00','2025-01-20 14:00:00','student'),('stu-014','Linda Clark','linda.clark@university.edu',1,NULL,'2024-01-18 10:00:00','2025-01-22 09:00:00','student'),('stu-015','Charles Lewis','charles.lewis@university.edu',1,NULL,'2024-01-19 10:00:00','2025-01-21 16:00:00','student'),('stu-016','Susan Walker','susan.walker@university.edu',1,NULL,'2024-01-19 10:00:00','2025-01-22 10:00:00','student'),('stu-017','Joseph Hall','joseph.hall@university.edu',1,NULL,'2024-01-20 10:00:00','2025-01-18 11:00:00','student'),('stu-018','Karen Allen','karen.allen@university.edu',1,NULL,'2024-01-20 10:00:00','2025-01-22 14:00:00','student'),('stu-019','Thomas Young','thomas.young@university.edu',1,NULL,'2024-01-21 10:00:00','2025-01-21 10:00:00','student'),('stu-020','Nancy King','nancy.king@university.edu',1,NULL,'2024-01-21 10:00:00','2025-01-22 15:00:00','student'),('stu-021','Daniel Wright','daniel.wright@university.edu',1,NULL,'2024-01-22 10:00:00','2025-01-22 08:00:00','student'),('stu-022','Betty Lopez','betty.lopez@university.edu',1,NULL,'2024-01-22 10:00:00','2025-01-20 12:00:00','student'),('stu-023','Mark Hill','mark.hill@university.edu',1,NULL,'2024-01-23 10:00:00','2025-01-22 09:00:00','student'),('stu-024','Donna Scott','donna.scott@university.edu',1,NULL,'2024-01-23 10:00:00','2025-01-21 11:00:00','student'),('stu-025','Paul Green','paul.green@university.edu',1,NULL,'2024-01-24 10:00:00','2025-01-22 13:00:00','student'),('stu-026','Carol Adams','carol.adams@university.edu',1,NULL,'2024-01-24 10:00:00','2025-01-19 15:00:00','student'),('stu-027','Steven Baker','steven.baker@university.edu',1,NULL,'2024-01-25 10:00:00','2025-01-22 10:00:00','student'),('stu-028','Michelle Gonzalez','michelle.gonzalez@university.edu',1,NULL,'2024-01-25 10:00:00','2025-01-21 14:00:00','student'),('stu-029','Edward Nelson','edward.nelson@university.edu',1,NULL,'2024-01-26 10:00:00','2025-01-22 11:00:00','student'),('stu-030','Laura Carter','laura.carter@university.edu',1,NULL,'2024-01-26 10:00:00','2025-01-22 12:00:00','student'),('student-101','Alice Johnson','alice.johnson@student.edu',1,NULL,'2025-09-22 20:14:05','2025-09-22 20:14:05','student'),('student-102','Bob Smith','bob.smith@student.edu',1,NULL,'2025-09-22 20:14:05','2025-09-22 20:14:05','student'),('student-103','Carol Williams','carol.williams@student.edu',1,NULL,'2025-09-22 20:14:05','2025-09-22 20:14:05','student'),('student-104','David Brown','david.brown@student.edu',1,NULL,'2025-09-22 20:14:05','2025-09-22 20:14:05','student'),('student-105','Emma Davis','emma.davis@student.edu',1,NULL,'2025-09-22 20:14:05','2025-09-22 20:14:05','student'),('student-106','Frank Miller','frank.miller@student.edu',1,NULL,'2025-09-22 20:14:05','2025-09-22 20:14:05','student'),('student-107','Grace Wilson','grace.wilson@student.edu',1,NULL,'2025-09-22 20:14:05','2025-09-22 20:14:05','student'),('student-108','Henry Taylor','henry.taylor@student.edu',1,NULL,'2025-09-22 20:14:05','2025-09-22 20:14:05','student'),('student-109','Isabel Martinez','isabel.martinez@student.edu',1,NULL,'2025-09-22 20:14:05','2025-09-22 20:14:05','student'),('student-110','Jack Anderson','jack.anderson@student.edu',1,NULL,'2025-09-22 20:14:05','2025-09-22 20:14:05','student'),('student-111','Kate Thompson','kate.thompson@student.edu',1,NULL,'2025-09-22 20:14:05','2025-09-22 20:14:05','student'),('student-112','Liam Garcia','liam.garcia@student.edu',1,NULL,'2025-09-22 20:14:05','2025-09-22 20:14:05','student'),('student-113','Mia Rodriguez','mia.rodriguez@student.edu',1,NULL,'2025-09-22 20:14:05','2025-09-22 20:14:05','student'),('student-114','Noah Lewis','noah.lewis@student.edu',1,NULL,'2025-09-22 20:14:05','2025-09-22 20:14:05','student'),('student-115','Olivia Walker','olivia.walker@student.edu',1,NULL,'2025-09-22 20:14:05','2025-09-22 20:14:05','student'),('twta8iW2lhG9c4viQ9xAkoL5oO3RS72H','Test Admin','admin@university.edu',0,NULL,'2025-09-22 17:19:51','2025-09-22 17:19:51','lecturer'),('yU2bBfHbEIY3oNdpToqayHlNyKA5o0oc','Test Student','test.student@university.edu',0,NULL,'2025-09-22 17:19:47','2025-09-22 17:19:47','student');
/*!40000 ALTER TABLE `user` ENABLE KEYS */;
UNLOCK TABLES;

--
-- Table structure for table `validity`
--

DROP TABLE IF EXISTS `validity`;
/*!40101 SET @saved_cs_client     = @@character_set_client */;
/*!50503 SET character_set_client = utf8mb4 */;
CREATE TABLE `validity` (
  `id` int NOT NULL AUTO_INCREMENT,
  `qr_code_id` int NOT NULL,
  `count` tinyint NOT NULL DEFAULT '1',
  `start_time` datetime NOT NULL DEFAULT CURRENT_TIMESTAMP,
  `end_time` datetime NOT NULL DEFAULT ((now() + interval 30 minute)),
  PRIMARY KEY (`id`),
  UNIQUE KEY `qr_code_id` (`qr_code_id`,`start_time`,`end_time`),
  CONSTRAINT `fk_validity_qrcode` FOREIGN KEY (`qr_code_id`) REFERENCES `qr_code` (`id`)
) ENGINE=InnoDB AUTO_INCREMENT=994 DEFAULT CHARSET=utf8mb4 COLLATE=utf8mb4_general_ci;
/*!40101 SET character_set_client = @saved_cs_client */;

--
-- Dumping data for table `validity`
--

LOCK TABLES `validity` WRITE;
/*!40000 ALTER TABLE `validity` DISABLE KEYS */;
INSERT INTO `validity` VALUES (531,1,1,'2025-01-06 08:45:00','2025-01-06 09:00:00'),(532,1,1,'2025-01-06 09:00:00','2025-01-06 09:15:00'),(533,2,1,'2025-01-06 10:45:00','2025-01-06 11:00:00'),(534,2,1,'2025-01-06 11:00:00','2025-01-06 11:15:00'),(535,3,1,'2025-01-06 13:45:00','2025-01-06 14:00:00'),(536,3,1,'2025-01-06 14:00:00','2025-01-06 14:15:00'),(537,4,1,'2025-01-07 08:45:00','2025-01-07 09:00:00'),(538,4,1,'2025-01-07 09:00:00','2025-01-07 09:15:00'),(539,5,1,'2025-01-07 10:45:00','2025-01-07 11:00:00'),(540,5,1,'2025-01-07 11:00:00','2025-01-07 11:15:00'),(541,6,1,'2025-01-07 13:45:00','2025-01-07 14:00:00'),(542,6,1,'2025-01-07 14:00:00','2025-01-07 14:15:00'),(543,7,1,'2025-01-08 08:45:00','2025-01-08 09:00:00'),(544,7,1,'2025-01-08 09:00:00','2025-01-08 09:15:00'),(545,8,1,'2025-01-08 10:45:00','2025-01-08 11:00:00'),(546,8,1,'2025-01-08 11:00:00','2025-01-08 11:15:00'),(547,9,1,'2025-01-08 13:45:00','2025-01-08 14:00:00'),(548,9,1,'2025-01-08 14:00:00','2025-01-08 14:15:00'),(549,10,1,'2025-01-09 08:45:00','2025-01-09 09:00:00'),(550,10,1,'2025-01-09 09:00:00','2025-01-09 09:15:00'),(551,11,1,'2025-01-09 10:45:00','2025-01-09 11:00:00'),(552,11,1,'2025-01-09 11:00:00','2025-01-09 11:15:00'),(553,12,1,'2025-01-09 13:45:00','2025-01-09 14:00:00'),(554,12,1,'2025-01-09 14:00:00','2025-01-09 14:15:00'),(555,13,1,'2025-01-10 08:45:00','2025-01-10 09:00:00'),(556,13,1,'2025-01-10 09:00:00','2025-01-10 09:15:00'),(557,14,1,'2025-01-10 10:45:00','2025-01-10 11:00:00'),(558,14,1,'2025-01-10 11:00:00','2025-01-10 11:15:00'),(559,15,1,'2025-01-10 13:45:00','2025-01-10 14:00:00'),(560,15,1,'2025-01-10 14:00:00','2025-01-10 14:15:00'),(561,16,1,'2025-01-13 08:45:00','2025-01-13 09:00:00'),(562,16,1,'2025-01-13 09:00:00','2025-01-13 09:15:00'),(563,17,1,'2025-01-13 10:45:00','2025-01-13 11:00:00'),(564,17,1,'2025-01-13 11:00:00','2025-01-13 11:15:00'),(565,18,1,'2025-01-13 13:45:00','2025-01-13 14:00:00'),(566,18,1,'2025-01-13 14:00:00','2025-01-13 14:15:00'),(567,19,1,'2025-01-14 08:45:00','2025-01-14 09:00:00'),(568,19,1,'2025-01-14 09:00:00','2025-01-14 09:15:00'),(569,20,1,'2025-01-14 10:45:00','2025-01-14 11:00:00'),(570,20,1,'2025-01-14 11:00:00','2025-01-14 11:15:00'),(571,21,1,'2025-01-14 13:45:00','2025-01-14 14:00:00'),(572,21,1,'2025-01-14 14:00:00','2025-01-14 14:15:00'),(573,22,1,'2025-01-15 08:45:00','2025-01-15 09:00:00'),(574,22,1,'2025-01-15 09:00:00','2025-01-15 09:15:00'),(575,23,1,'2025-01-15 10:45:00','2025-01-15 11:00:00'),(576,23,1,'2025-01-15 11:00:00','2025-01-15 11:15:00'),(577,24,1,'2025-01-15 13:45:00','2025-01-15 14:00:00'),(578,24,1,'2025-01-15 14:00:00','2025-01-15 14:15:00'),(579,25,1,'2025-01-16 08:45:00','2025-01-16 09:00:00'),(580,25,1,'2025-01-16 09:00:00','2025-01-16 09:15:00'),(581,26,1,'2025-01-16 10:45:00','2025-01-16 11:00:00'),(582,26,1,'2025-01-16 11:00:00','2025-01-16 11:15:00'),(583,27,1,'2025-01-16 13:45:00','2025-01-16 14:00:00'),(584,27,1,'2025-01-16 14:00:00','2025-01-16 14:15:00'),(585,28,1,'2025-01-17 08:45:00','2025-01-17 09:00:00'),(586,28,1,'2025-01-17 09:00:00','2025-01-17 09:15:00'),(587,29,1,'2025-01-17 10:45:00','2025-01-17 11:00:00'),(588,29,1,'2025-01-17 11:00:00','2025-01-17 11:15:00'),(589,30,1,'2025-01-17 13:45:00','2025-01-17 14:00:00'),(590,30,1,'2025-01-17 14:00:00','2025-01-17 14:15:00'),(591,31,1,'2025-01-20 08:45:00','2025-01-20 09:00:00'),(592,31,1,'2025-01-20 09:00:00','2025-01-20 09:15:00'),(593,32,1,'2025-01-20 10:45:00','2025-01-20 11:00:00'),(594,32,1,'2025-01-20 11:00:00','2025-01-20 11:15:00'),(595,33,1,'2025-01-20 13:45:00','2025-01-20 14:00:00'),(596,33,1,'2025-01-20 14:00:00','2025-01-20 14:15:00'),(597,34,1,'2025-01-21 08:45:00','2025-01-21 09:00:00'),(598,34,1,'2025-01-21 09:00:00','2025-01-21 09:15:00'),(599,35,1,'2025-01-21 10:45:00','2025-01-21 11:00:00'),(600,35,1,'2025-01-21 11:00:00','2025-01-21 11:15:00'),(601,36,1,'2025-01-21 13:45:00','2025-01-21 14:00:00'),(602,36,1,'2025-01-21 14:00:00','2025-01-21 14:15:00'),(603,37,1,'2025-01-22 08:45:00','2025-01-22 09:00:00'),(604,37,1,'2025-01-22 09:00:00','2025-01-22 09:15:00'),(605,38,1,'2025-01-22 10:45:00','2025-01-22 11:00:00'),(606,38,1,'2025-01-22 11:00:00','2025-01-22 11:15:00'),(607,39,1,'2025-01-22 13:45:00','2025-01-22 14:00:00'),(608,39,1,'2025-01-22 14:00:00','2025-01-22 14:15:00'),(609,40,1,'2025-01-23 08:45:00','2025-01-23 09:00:00'),(610,40,1,'2025-01-23 09:00:00','2025-01-23 09:15:00'),(611,41,1,'2025-01-23 10:45:00','2025-01-23 11:00:00'),(612,41,1,'2025-01-23 11:00:00','2025-01-23 11:15:00'),(613,42,1,'2025-01-23 13:45:00','2025-01-23 14:00:00'),(614,42,1,'2025-01-23 14:00:00','2025-01-23 14:15:00'),(615,43,1,'2025-01-24 08:45:00','2025-01-24 09:00:00'),(616,43,1,'2025-01-24 09:00:00','2025-01-24 09:15:00'),(617,44,1,'2025-01-24 10:45:00','2025-01-24 11:00:00'),(618,44,1,'2025-01-24 11:00:00','2025-01-24 11:15:00'),(619,45,1,'2025-01-24 13:45:00','2025-01-24 14:00:00'),(620,45,1,'2025-01-24 14:00:00','2025-01-24 14:15:00'),(621,46,1,'2025-01-27 08:45:00','2025-01-27 09:00:00'),(622,46,1,'2025-01-27 09:00:00','2025-01-27 09:15:00'),(623,47,1,'2025-01-27 10:45:00','2025-01-27 11:00:00'),(624,47,1,'2025-01-27 11:00:00','2025-01-27 11:15:00'),(625,48,1,'2025-01-27 13:45:00','2025-01-27 14:00:00'),(626,48,1,'2025-01-27 14:00:00','2025-01-27 14:15:00'),(627,49,1,'2025-01-28 08:45:00','2025-01-28 09:00:00'),(628,49,1,'2025-01-28 09:00:00','2025-01-28 09:15:00'),(629,50,1,'2025-01-28 10:45:00','2025-01-28 11:00:00'),(630,50,1,'2025-01-28 11:00:00','2025-01-28 11:15:00'),(631,51,1,'2025-01-28 13:45:00','2025-01-28 14:00:00'),(632,51,1,'2025-01-28 14:00:00','2025-01-28 14:15:00'),(633,52,1,'2025-01-29 08:45:00','2025-01-29 09:00:00'),(634,52,1,'2025-01-29 09:00:00','2025-01-29 09:15:00'),(635,53,1,'2025-01-29 10:45:00','2025-01-29 11:00:00'),(636,53,1,'2025-01-29 11:00:00','2025-01-29 11:15:00'),(637,54,1,'2025-01-29 13:45:00','2025-01-29 14:00:00'),(638,54,1,'2025-01-29 14:00:00','2025-01-29 14:15:00'),(639,55,1,'2025-01-30 08:45:00','2025-01-30 09:00:00'),(640,55,1,'2025-01-30 09:00:00','2025-01-30 09:15:00'),(641,56,1,'2025-01-30 10:45:00','2025-01-30 11:00:00'),(642,56,1,'2025-01-30 11:00:00','2025-01-30 11:15:00'),(643,57,1,'2025-01-30 13:45:00','2025-01-30 14:00:00'),(644,57,1,'2025-01-30 14:00:00','2025-01-30 14:15:00'),(645,58,1,'2025-01-31 08:45:00','2025-01-31 09:00:00'),(646,58,1,'2025-01-31 09:00:00','2025-01-31 09:15:00'),(647,59,1,'2025-01-31 10:45:00','2025-01-31 11:00:00'),(648,59,1,'2025-01-31 11:00:00','2025-01-31 11:15:00'),(649,60,1,'2025-01-31 13:45:00','2025-01-31 14:00:00'),(650,60,1,'2025-01-31 14:00:00','2025-01-31 14:15:00'),(651,61,1,'2025-02-03 08:45:00','2025-02-03 09:00:00'),(652,61,1,'2025-02-03 09:00:00','2025-02-03 09:15:00'),(653,62,1,'2025-02-03 10:45:00','2025-02-03 11:00:00'),(654,62,1,'2025-02-03 11:00:00','2025-02-03 11:15:00'),(655,63,1,'2025-02-03 13:45:00','2025-02-03 14:00:00'),(656,63,1,'2025-02-03 14:00:00','2025-02-03 14:15:00'),(657,64,1,'2025-02-04 08:45:00','2025-02-04 09:00:00'),(658,64,1,'2025-02-04 09:00:00','2025-02-04 09:15:00'),(659,65,1,'2025-02-04 10:45:00','2025-02-04 11:00:00'),(660,65,1,'2025-02-04 11:00:00','2025-02-04 11:15:00'),(661,66,1,'2025-02-04 13:45:00','2025-02-04 14:00:00'),(662,66,1,'2025-02-04 14:00:00','2025-02-04 14:15:00'),(663,67,1,'2025-02-05 08:45:00','2025-02-05 09:00:00'),(664,67,1,'2025-02-05 09:00:00','2025-02-05 09:15:00'),(665,68,1,'2025-02-05 10:45:00','2025-02-05 11:00:00'),(666,68,1,'2025-02-05 11:00:00','2025-02-05 11:15:00'),(667,69,1,'2025-02-05 13:45:00','2025-02-05 14:00:00'),(668,69,1,'2025-02-05 14:00:00','2025-02-05 14:15:00'),(669,70,1,'2025-02-06 08:45:00','2025-02-06 09:00:00'),(670,70,1,'2025-02-06 09:00:00','2025-02-06 09:15:00'),(671,71,1,'2025-02-06 10:45:00','2025-02-06 11:00:00'),(672,71,1,'2025-02-06 11:00:00','2025-02-06 11:15:00'),(673,72,1,'2025-02-06 13:45:00','2025-02-06 14:00:00'),(674,72,1,'2025-02-06 14:00:00','2025-02-06 14:15:00'),(675,73,1,'2025-02-07 08:45:00','2025-02-07 09:00:00'),(676,73,1,'2025-02-07 09:00:00','2025-02-07 09:15:00'),(677,74,1,'2025-02-07 10:45:00','2025-02-07 11:00:00'),(678,74,1,'2025-02-07 11:00:00','2025-02-07 11:15:00'),(679,75,1,'2025-02-07 13:45:00','2025-02-07 14:00:00'),(680,75,1,'2025-02-07 14:00:00','2025-02-07 14:15:00'),(681,76,1,'2025-02-10 08:45:00','2025-02-10 09:00:00'),(682,76,1,'2025-02-10 09:00:00','2025-02-10 09:15:00'),(683,77,1,'2025-02-10 10:45:00','2025-02-10 11:00:00'),(684,77,1,'2025-02-10 11:00:00','2025-02-10 11:15:00'),(685,78,1,'2025-02-10 13:45:00','2025-02-10 14:00:00'),(686,78,1,'2025-02-10 14:00:00','2025-02-10 14:15:00'),(687,79,1,'2025-02-11 08:45:00','2025-02-11 09:00:00'),(688,79,1,'2025-02-11 09:00:00','2025-02-11 09:15:00'),(689,80,1,'2025-02-11 10:45:00','2025-02-11 11:00:00'),(690,80,1,'2025-02-11 11:00:00','2025-02-11 11:15:00'),(691,81,1,'2025-02-11 13:45:00','2025-02-11 14:00:00'),(692,81,1,'2025-02-11 14:00:00','2025-02-11 14:15:00'),(693,82,1,'2025-02-12 08:45:00','2025-02-12 09:00:00'),(694,82,1,'2025-02-12 09:00:00','2025-02-12 09:15:00'),(695,83,1,'2025-02-12 10:45:00','2025-02-12 11:00:00'),(696,83,1,'2025-02-12 11:00:00','2025-02-12 11:15:00'),(697,84,1,'2025-02-12 13:45:00','2025-02-12 14:00:00'),(698,84,1,'2025-02-12 14:00:00','2025-02-12 14:15:00'),(699,85,1,'2025-02-13 08:45:00','2025-02-13 09:00:00'),(700,85,1,'2025-02-13 09:00:00','2025-02-13 09:15:00'),(701,86,1,'2025-02-13 10:45:00','2025-02-13 11:00:00'),(702,86,1,'2025-02-13 11:00:00','2025-02-13 11:15:00'),(703,87,1,'2025-02-13 13:45:00','2025-02-13 14:00:00'),(704,87,1,'2025-02-13 14:00:00','2025-02-13 14:15:00'),(705,88,1,'2025-02-14 08:45:00','2025-02-14 09:00:00'),(706,88,1,'2025-02-14 09:00:00','2025-02-14 09:15:00'),(707,89,1,'2025-02-14 10:45:00','2025-02-14 11:00:00'),(708,89,1,'2025-02-14 11:00:00','2025-02-14 11:15:00'),(709,90,1,'2025-02-14 13:45:00','2025-02-14 14:00:00'),(710,90,1,'2025-02-14 14:00:00','2025-02-14 14:15:00'),(711,91,1,'2025-02-17 08:45:00','2025-02-17 09:00:00'),(712,91,1,'2025-02-17 09:00:00','2025-02-17 09:15:00'),(713,92,1,'2025-02-17 10:45:00','2025-02-17 11:00:00'),(714,92,1,'2025-02-17 11:00:00','2025-02-17 11:15:00'),(715,93,1,'2025-02-17 13:45:00','2025-02-17 14:00:00'),(716,93,1,'2025-02-17 14:00:00','2025-02-17 14:15:00'),(717,94,1,'2025-02-18 08:45:00','2025-02-18 09:00:00'),(718,94,1,'2025-02-18 09:00:00','2025-02-18 09:15:00'),(719,95,1,'2025-02-18 10:45:00','2025-02-18 11:00:00'),(720,95,1,'2025-02-18 11:00:00','2025-02-18 11:15:00'),(721,96,1,'2025-02-18 13:45:00','2025-02-18 14:00:00'),(722,96,1,'2025-02-18 14:00:00','2025-02-18 14:15:00'),(723,97,1,'2025-02-19 08:45:00','2025-02-19 09:00:00'),(724,97,1,'2025-02-19 09:00:00','2025-02-19 09:15:00'),(725,98,1,'2025-02-19 10:45:00','2025-02-19 11:00:00'),(726,98,1,'2025-02-19 11:00:00','2025-02-19 11:15:00'),(727,99,1,'2025-02-19 13:45:00','2025-02-19 14:00:00'),(728,99,1,'2025-02-19 14:00:00','2025-02-19 14:15:00'),(729,100,1,'2025-02-20 08:45:00','2025-02-20 09:00:00'),(730,100,1,'2025-02-20 09:00:00','2025-02-20 09:15:00'),(731,101,1,'2025-02-20 10:45:00','2025-02-20 11:00:00'),(732,101,1,'2025-02-20 11:00:00','2025-02-20 11:15:00'),(733,102,1,'2025-02-20 13:45:00','2025-02-20 14:00:00'),(734,102,1,'2025-02-20 14:00:00','2025-02-20 14:15:00'),(735,103,1,'2025-02-21 08:45:00','2025-02-21 09:00:00'),(736,103,1,'2025-02-21 09:00:00','2025-02-21 09:15:00'),(737,104,1,'2025-02-21 10:45:00','2025-02-21 11:00:00'),(738,104,1,'2025-02-21 11:00:00','2025-02-21 11:15:00'),(739,105,1,'2025-02-21 13:45:00','2025-02-21 14:00:00'),(740,105,1,'2025-02-21 14:00:00','2025-02-21 14:15:00'),(741,106,1,'2025-02-24 08:45:00','2025-02-24 09:00:00'),(742,106,1,'2025-02-24 09:00:00','2025-02-24 09:15:00'),(743,107,1,'2025-02-24 10:45:00','2025-02-24 11:00:00'),(744,107,1,'2025-02-24 11:00:00','2025-02-24 11:15:00'),(745,108,1,'2025-02-24 13:45:00','2025-02-24 14:00:00'),(746,108,1,'2025-02-24 14:00:00','2025-02-24 14:15:00'),(747,109,1,'2025-02-25 08:45:00','2025-02-25 09:00:00'),(748,109,1,'2025-02-25 09:00:00','2025-02-25 09:15:00'),(749,110,1,'2025-02-25 10:45:00','2025-02-25 11:00:00'),(750,110,1,'2025-02-25 11:00:00','2025-02-25 11:15:00'),(751,111,1,'2025-02-25 13:45:00','2025-02-25 14:00:00'),(752,111,1,'2025-02-25 14:00:00','2025-02-25 14:15:00'),(753,112,1,'2025-02-26 08:45:00','2025-02-26 09:00:00'),(754,112,1,'2025-02-26 09:00:00','2025-02-26 09:15:00'),(755,113,1,'2025-02-26 10:45:00','2025-02-26 11:00:00'),(756,113,1,'2025-02-26 11:00:00','2025-02-26 11:15:00'),(757,114,1,'2025-02-26 13:45:00','2025-02-26 14:00:00'),(758,114,1,'2025-02-26 14:00:00','2025-02-26 14:15:00'),(759,115,1,'2025-02-27 08:45:00','2025-02-27 09:00:00'),(760,115,1,'2025-02-27 09:00:00','2025-02-27 09:15:00'),(761,116,1,'2025-02-27 10:45:00','2025-02-27 11:00:00'),(762,116,1,'2025-02-27 11:00:00','2025-02-27 11:15:00'),(763,117,1,'2025-02-27 13:45:00','2025-02-27 14:00:00'),(764,117,1,'2025-02-27 14:00:00','2025-02-27 14:15:00'),(765,118,1,'2025-02-28 08:45:00','2025-02-28 09:00:00'),(766,118,1,'2025-02-28 09:00:00','2025-02-28 09:15:00'),(767,119,1,'2025-02-28 10:45:00','2025-02-28 11:00:00'),(768,119,1,'2025-02-28 11:00:00','2025-02-28 11:15:00'),(769,120,1,'2025-02-28 13:45:00','2025-02-28 14:00:00'),(770,120,1,'2025-02-28 14:00:00','2025-02-28 14:15:00'),(771,190,1,'2025-07-07 20:14:05','2025-07-07 20:44:05'),(772,198,1,'2025-07-14 20:14:05','2025-07-14 20:44:05'),(773,206,1,'2025-07-21 20:14:05','2025-07-21 20:44:05'),(774,214,1,'2025-07-28 20:14:05','2025-07-28 20:44:05'),(775,222,1,'2025-08-04 20:14:05','2025-08-04 20:44:05'),(776,230,1,'2025-08-11 20:14:05','2025-08-11 20:44:05'),(777,238,1,'2025-08-18 20:14:05','2025-08-18 20:44:05'),(778,246,1,'2025-08-25 20:14:05','2025-08-25 20:44:05'),(779,254,1,'2025-09-01 20:14:05','2025-09-01 20:44:05'),(780,262,1,'2025-09-08 20:14:05','2025-09-08 20:44:05'),(781,270,1,'2025-09-15 20:14:05','2025-09-15 20:44:05'),(782,278,1,'2025-09-22 20:14:05','2025-09-22 20:44:05'),(783,191,1,'2025-07-07 20:14:05','2025-07-07 20:44:05'),(784,199,1,'2025-07-14 20:14:05','2025-07-14 20:44:05'),(785,207,1,'2025-07-21 20:14:05','2025-07-21 20:44:05'),(786,215,1,'2025-07-28 20:14:05','2025-07-28 20:44:05'),(787,223,1,'2025-08-04 20:14:05','2025-08-04 20:44:05'),(788,231,1,'2025-08-11 20:14:05','2025-08-11 20:44:05'),(789,239,1,'2025-08-18 20:14:05','2025-08-18 20:44:05'),(790,247,1,'2025-08-25 20:14:05','2025-08-25 20:44:05'),(791,255,1,'2025-09-01 20:14:05','2025-09-01 20:44:05'),(792,263,1,'2025-09-08 20:14:05','2025-09-08 20:44:05'),(793,271,1,'2025-09-15 20:14:05','2025-09-15 20:44:05'),(794,279,1,'2025-09-22 20:14:05','2025-09-22 20:44:05'),(795,192,1,'2025-07-08 20:14:05','2025-07-08 20:44:05'),(796,200,1,'2025-07-15 20:14:05','2025-07-15 20:44:05'),(797,208,1,'2025-07-22 20:14:05','2025-07-22 20:44:05'),(798,216,1,'2025-07-29 20:14:05','2025-07-29 20:44:05'),(799,224,1,'2025-08-05 20:14:05','2025-08-05 20:44:05'),(800,232,1,'2025-08-12 20:14:05','2025-08-12 20:44:05'),(801,240,1,'2025-08-19 20:14:05','2025-08-19 20:44:05'),(802,248,1,'2025-08-26 20:14:05','2025-08-26 20:44:05'),(803,256,1,'2025-09-02 20:14:05','2025-09-02 20:44:05'),(804,264,1,'2025-09-09 20:14:05','2025-09-09 20:44:05'),(805,272,1,'2025-09-16 20:14:05','2025-09-16 20:44:05'),(806,280,1,'2025-09-23 20:14:05','2025-09-23 20:44:05'),(807,193,1,'2025-07-08 20:14:05','2025-07-08 20:44:05'),(808,201,1,'2025-07-15 20:14:05','2025-07-15 20:44:05'),(809,209,1,'2025-07-22 20:14:05','2025-07-22 20:44:05'),(810,217,1,'2025-07-29 20:14:05','2025-07-29 20:44:05'),(811,225,1,'2025-08-05 20:14:05','2025-08-05 20:44:05'),(812,233,1,'2025-08-12 20:14:05','2025-08-12 20:44:05'),(813,241,1,'2025-08-19 20:14:05','2025-08-19 20:44:05'),(814,249,1,'2025-08-26 20:14:05','2025-08-26 20:44:05'),(815,257,1,'2025-09-02 20:14:05','2025-09-02 20:44:05'),(816,265,1,'2025-09-09 20:14:05','2025-09-09 20:44:05'),(817,273,1,'2025-09-16 20:14:05','2025-09-16 20:44:05'),(818,281,1,'2025-09-23 20:14:05','2025-09-23 20:44:05'),(819,194,1,'2025-07-09 20:14:05','2025-07-09 20:44:05'),(820,202,1,'2025-07-16 20:14:05','2025-07-16 20:44:05'),(821,210,1,'2025-07-23 20:14:05','2025-07-23 20:44:05'),(822,218,1,'2025-07-30 20:14:05','2025-07-30 20:44:05'),(823,226,1,'2025-08-06 20:14:05','2025-08-06 20:44:05'),(824,234,1,'2025-08-13 20:14:05','2025-08-13 20:44:05'),(825,242,1,'2025-08-20 20:14:05','2025-08-20 20:44:05'),(826,250,1,'2025-08-27 20:14:05','2025-08-27 20:44:05'),(827,258,1,'2025-09-03 20:14:05','2025-09-03 20:44:05'),(828,266,1,'2025-09-10 20:14:05','2025-09-10 20:44:05'),(829,274,1,'2025-09-17 20:14:05','2025-09-17 20:44:05'),(830,282,1,'2025-09-24 20:14:05','2025-09-24 20:44:05'),(831,195,1,'2025-07-09 20:14:05','2025-07-09 20:44:05'),(832,203,1,'2025-07-16 20:14:05','2025-07-16 20:44:05'),(833,211,1,'2025-07-23 20:14:05','2025-07-23 20:44:05'),(834,219,1,'2025-07-30 20:14:05','2025-07-30 20:44:05'),(835,227,1,'2025-08-06 20:14:05','2025-08-06 20:44:05'),(836,235,1,'2025-08-13 20:14:05','2025-08-13 20:44:05'),(837,243,1,'2025-08-20 20:14:05','2025-08-20 20:44:05'),(838,251,1,'2025-08-27 20:14:05','2025-08-27 20:44:05'),(839,259,1,'2025-09-03 20:14:05','2025-09-03 20:44:05'),(840,267,1,'2025-09-10 20:14:05','2025-09-10 20:44:05'),(841,275,1,'2025-09-17 20:14:05','2025-09-17 20:44:05'),(842,283,1,'2025-09-24 20:14:05','2025-09-24 20:44:05'),(843,196,1,'2025-07-10 20:14:05','2025-07-10 20:44:05'),(844,204,1,'2025-07-17 20:14:05','2025-07-17 20:44:05'),(845,212,1,'2025-07-24 20:14:05','2025-07-24 20:44:05'),(846,220,1,'2025-07-31 20:14:05','2025-07-31 20:44:05'),(847,228,1,'2025-08-07 20:14:05','2025-08-07 20:44:05'),(848,236,1,'2025-08-14 20:14:05','2025-08-14 20:44:05'),(849,244,1,'2025-08-21 20:14:05','2025-08-21 20:44:05'),(850,252,1,'2025-08-28 20:14:05','2025-08-28 20:44:05'),(851,260,1,'2025-09-04 20:14:05','2025-09-04 20:44:05'),(852,268,1,'2025-09-11 20:14:05','2025-09-11 20:44:05'),(853,276,1,'2025-09-18 20:14:05','2025-09-18 20:44:05'),(854,284,1,'2025-09-25 20:14:05','2025-09-25 20:44:05'),(855,197,1,'2025-07-10 20:14:05','2025-07-10 20:44:05'),(856,205,1,'2025-07-17 20:14:05','2025-07-17 20:44:05'),(857,213,1,'2025-07-24 20:14:05','2025-07-24 20:44:05'),(858,221,1,'2025-07-31 20:14:05','2025-07-31 20:44:05'),(859,229,1,'2025-08-07 20:14:05','2025-08-07 20:44:05'),(860,237,1,'2025-08-14 20:14:05','2025-08-14 20:44:05'),(861,245,1,'2025-08-21 20:14:05','2025-08-21 20:44:05'),(862,253,1,'2025-08-28 20:14:05','2025-08-28 20:44:05'),(863,261,1,'2025-09-04 20:14:05','2025-09-04 20:44:05'),(864,269,1,'2025-09-11 20:14:05','2025-09-11 20:44:05'),(865,277,1,'2025-09-18 20:14:05','2025-09-18 20:44:05'),(866,285,1,'2025-09-25 20:14:05','2025-09-25 20:44:05'),(898,190,2,'2025-07-07 20:29:05','2025-07-07 20:59:05'),(899,198,2,'2025-07-14 20:29:05','2025-07-14 20:59:05'),(900,206,2,'2025-07-21 20:29:05','2025-07-21 20:59:05'),(901,214,2,'2025-07-28 20:29:05','2025-07-28 20:59:05'),(902,222,2,'2025-08-04 20:29:05','2025-08-04 20:59:05'),(903,230,2,'2025-08-11 20:29:05','2025-08-11 20:59:05'),(904,238,2,'2025-08-18 20:29:05','2025-08-18 20:59:05'),(905,246,2,'2025-08-25 20:29:05','2025-08-25 20:59:05'),(906,254,2,'2025-09-01 20:29:05','2025-09-01 20:59:05'),(907,262,2,'2025-09-08 20:29:05','2025-09-08 20:59:05'),(908,270,2,'2025-09-15 20:29:05','2025-09-15 20:59:05'),(909,278,2,'2025-09-22 20:29:05','2025-09-22 20:59:05'),(910,191,2,'2025-07-07 20:29:05','2025-07-07 20:59:05'),(911,199,2,'2025-07-14 20:29:05','2025-07-14 20:59:05'),(912,207,2,'2025-07-21 20:29:05','2025-07-21 20:59:05'),(913,215,2,'2025-07-28 20:29:05','2025-07-28 20:59:05'),(914,223,2,'2025-08-04 20:29:05','2025-08-04 20:59:05'),(915,231,2,'2025-08-11 20:29:05','2025-08-11 20:59:05'),(916,239,2,'2025-08-18 20:29:05','2025-08-18 20:59:05'),(917,247,2,'2025-08-25 20:29:05','2025-08-25 20:59:05'),(918,255,2,'2025-09-01 20:29:05','2025-09-01 20:59:05'),(919,263,2,'2025-09-08 20:29:05','2025-09-08 20:59:05'),(920,271,2,'2025-09-15 20:29:05','2025-09-15 20:59:05'),(921,279,2,'2025-09-22 20:29:05','2025-09-22 20:59:05'),(922,192,2,'2025-07-08 20:29:05','2025-07-08 20:59:05'),(923,200,2,'2025-07-15 20:29:05','2025-07-15 20:59:05'),(924,208,2,'2025-07-22 20:29:05','2025-07-22 20:59:05'),(925,216,2,'2025-07-29 20:29:05','2025-07-29 20:59:05'),(926,224,2,'2025-08-05 20:29:05','2025-08-05 20:59:05'),(927,232,2,'2025-08-12 20:29:05','2025-08-12 20:59:05'),(928,240,2,'2025-08-19 20:29:05','2025-08-19 20:59:05'),(929,248,2,'2025-08-26 20:29:05','2025-08-26 20:59:05'),(930,256,2,'2025-09-02 20:29:05','2025-09-02 20:59:05'),(931,264,2,'2025-09-09 20:29:05','2025-09-09 20:59:05'),(932,272,2,'2025-09-16 20:29:05','2025-09-16 20:59:05'),(933,280,2,'2025-09-23 20:29:05','2025-09-23 20:59:05'),(934,193,2,'2025-07-08 20:29:05','2025-07-08 20:59:05'),(935,201,2,'2025-07-15 20:29:05','2025-07-15 20:59:05'),(936,209,2,'2025-07-22 20:29:05','2025-07-22 20:59:05'),(937,217,2,'2025-07-29 20:29:05','2025-07-29 20:59:05'),(938,225,2,'2025-08-05 20:29:05','2025-08-05 20:59:05'),(939,233,2,'2025-08-12 20:29:05','2025-08-12 20:59:05'),(940,241,2,'2025-08-19 20:29:05','2025-08-19 20:59:05'),(941,249,2,'2025-08-26 20:29:05','2025-08-26 20:59:05'),(942,257,2,'2025-09-02 20:29:05','2025-09-02 20:59:05'),(943,265,2,'2025-09-09 20:29:05','2025-09-09 20:59:05'),(944,273,2,'2025-09-16 20:29:05','2025-09-16 20:59:05'),(945,281,2,'2025-09-23 20:29:05','2025-09-23 20:59:05'),(946,194,2,'2025-07-09 20:29:05','2025-07-09 20:59:05'),(947,202,2,'2025-07-16 20:29:05','2025-07-16 20:59:05'),(948,210,2,'2025-07-23 20:29:05','2025-07-23 20:59:05'),(949,218,2,'2025-07-30 20:29:05','2025-07-30 20:59:05'),(950,226,2,'2025-08-06 20:29:05','2025-08-06 20:59:05'),(951,234,2,'2025-08-13 20:29:05','2025-08-13 20:59:05'),(952,242,2,'2025-08-20 20:29:05','2025-08-20 20:59:05'),(953,250,2,'2025-08-27 20:29:05','2025-08-27 20:59:05'),(954,258,2,'2025-09-03 20:29:05','2025-09-03 20:59:05'),(955,266,2,'2025-09-10 20:29:05','2025-09-10 20:59:05'),(956,274,2,'2025-09-17 20:29:05','2025-09-17 20:59:05'),(957,282,2,'2025-09-24 20:29:05','2025-09-24 20:59:05'),(958,195,2,'2025-07-09 20:29:05','2025-07-09 20:59:05'),(959,203,2,'2025-07-16 20:29:05','2025-07-16 20:59:05'),(960,211,2,'2025-07-23 20:29:05','2025-07-23 20:59:05'),(961,219,2,'2025-07-30 20:29:05','2025-07-30 20:59:05'),(962,227,2,'2025-08-06 20:29:05','2025-08-06 20:59:05'),(963,235,2,'2025-08-13 20:29:05','2025-08-13 20:59:05'),(964,243,2,'2025-08-20 20:29:05','2025-08-20 20:59:05'),(965,251,2,'2025-08-27 20:29:05','2025-08-27 20:59:05'),(966,259,2,'2025-09-03 20:29:05','2025-09-03 20:59:05'),(967,267,2,'2025-09-10 20:29:05','2025-09-10 20:59:05'),(968,275,2,'2025-09-17 20:29:05','2025-09-17 20:59:05'),(969,283,2,'2025-09-24 20:29:05','2025-09-24 20:59:05'),(970,196,2,'2025-07-10 20:29:05','2025-07-10 20:59:05'),(971,204,2,'2025-07-17 20:29:05','2025-07-17 20:59:05'),(972,212,2,'2025-07-24 20:29:05','2025-07-24 20:59:05'),(973,220,2,'2025-07-31 20:29:05','2025-07-31 20:59:05'),(974,228,2,'2025-08-07 20:29:05','2025-08-07 20:59:05'),(975,236,2,'2025-08-14 20:29:05','2025-08-14 20:59:05'),(976,244,2,'2025-08-21 20:29:05','2025-08-21 20:59:05'),(977,252,2,'2025-08-28 20:29:05','2025-08-28 20:59:05'),(978,260,2,'2025-09-04 20:29:05','2025-09-04 20:59:05'),(979,268,2,'2025-09-11 20:29:05','2025-09-11 20:59:05'),(980,276,2,'2025-09-18 20:29:05','2025-09-18 20:59:05'),(981,284,2,'2025-09-25 20:29:05','2025-09-25 20:59:05'),(982,197,2,'2025-07-10 20:29:05','2025-07-10 20:59:05'),(983,205,2,'2025-07-17 20:29:05','2025-07-17 20:59:05'),(984,213,2,'2025-07-24 20:29:05','2025-07-24 20:59:05'),(985,221,2,'2025-07-31 20:29:05','2025-07-31 20:59:05'),(986,229,2,'2025-08-07 20:29:05','2025-08-07 20:59:05'),(987,237,2,'2025-08-14 20:29:05','2025-08-14 20:59:05'),(988,245,2,'2025-08-21 20:29:05','2025-08-21 20:59:05'),(989,253,2,'2025-08-28 20:29:05','2025-08-28 20:59:05'),(990,261,2,'2025-09-04 20:29:05','2025-09-04 20:59:05'),(991,269,2,'2025-09-11 20:29:05','2025-09-11 20:59:05'),(992,277,2,'2025-09-18 20:29:05','2025-09-18 20:59:05'),(993,285,2,'2025-09-25 20:29:05','2025-09-25 20:59:05');
/*!40000 ALTER TABLE `validity` ENABLE KEYS */;
UNLOCK TABLES;

--
-- Table structure for table `verification`
--

DROP TABLE IF EXISTS `verification`;
/*!40101 SET @saved_cs_client     = @@character_set_client */;
/*!50503 SET character_set_client = utf8mb4 */;
CREATE TABLE `verification` (
  `id` varchar(36) NOT NULL,
  `identifier` text NOT NULL,
  `value` text NOT NULL,
  `expiresAt` datetime NOT NULL,
  `createdAt` datetime DEFAULT NULL,
  `updatedAt` datetime DEFAULT NULL,
  PRIMARY KEY (`id`)
) ENGINE=InnoDB DEFAULT CHARSET=utf8mb4 COLLATE=utf8mb4_general_ci;
/*!40101 SET character_set_client = @saved_cs_client */;

--
-- Dumping data for table `verification`
--

LOCK TABLES `verification` WRITE;
/*!40000 ALTER TABLE `verification` DISABLE KEYS */;
/*!40000 ALTER TABLE `verification` ENABLE KEYS */;
UNLOCK TABLES;
/*!40103 SET TIME_ZONE=@OLD_TIME_ZONE */;

/*!40101 SET SQL_MODE=@OLD_SQL_MODE */;
/*!40014 SET FOREIGN_KEY_CHECKS=@OLD_FOREIGN_KEY_CHECKS */;
/*!40014 SET UNIQUE_CHECKS=@OLD_UNIQUE_CHECKS */;
/*!40101 SET CHARACTER_SET_CLIENT=@OLD_CHARACTER_SET_CLIENT */;
/*!40101 SET CHARACTER_SET_RESULTS=@OLD_CHARACTER_SET_RESULTS */;
/*!40101 SET COLLATION_CONNECTION=@OLD_COLLATION_CONNECTION */;
/*!40111 SET SQL_NOTES=@OLD_SQL_NOTES */;

-- Dump completed on 2025-09-23 14:46:15
